"","V2","V3","V4","V5","V6","V7","V8","V9","V10","V11","V12","V13","V14","V15","V16","V17","V18","V19","V20","V21","V22","V23","V24","V25","V26","V27","V28","V29","V30","V31","V32","V33","V34","V35","V36","V37","V38","V39","V40","V41","Class"
"1",0.0897231941373453,0.0803309397150672,0.0985457730955966,0.212150660184133,0.569205502008025,0.53003398097222,0.25871722030501,0.0397553655904918,0.02873573339234,0.0221623328281201,0.0214061135999857,0.0473432527168819,0.200335816605099,0.219024750648197,0.0992579249467583,0.00912901896040795,0.0014977383328986,0.00105906040526301,0.00105905999804627,0.00149773699919182,0.00149773766604523,0.00105906081247975,0.00105905959082952,0,0.0331147717048652,0.0235242359402901,0.0280834133783467,0.0584685800486795,0.140645221819035,0.12390188393074,0.0739039270235121,0.0209548687468995,0.0263749507072416,0.0335853105413941,0.0479971861192179,0.10484109041938,0.226726725917846,0.186048285580804,0.0844963087439088,0.00967147788318437,0
"2",0.268290586627937,0.362074544553443,0.393785004031871,0.398287449695962,0.319576962089695,0.243463623223244,0.241203090728864,0.115541314261764,0.0942482724728931,0.113982740254793,0.118503482143564,0.144175539876427,0.113645713885679,0.0715078197672714,0.0715077916757751,0.035301722079295,0.00447680130725717,0.00316557498903698,0.00316557377184943,0.00447679732075288,0.00447679931400508,0.00316557620622452,0.00316557255466188,0,0.0590314738073238,0.0994826669024553,0.119858621187776,0.109043719194582,0.0736957923938611,0.0864305090008896,0.0796166500057795,0.0369231540486022,0.110534039040463,0.145443562407158,0.152257326928681,0.1405913933042,0.127758656496151,0.0823597182488583,0.0869130764926476,0.0433164381338672,0
"5",0.033517847117423,0.025083203114163,0.0225013589068354,0.0384645727655499,0.0715920541006229,0.499168575248757,0.629201122152063,0.241887231987637,0.0190632337827074,0.0178077204358637,0.0158972900048969,0.0221166776628555,0.0362561814000713,0.24374099154784,0.275783590194661,0.0766926296156093,0.00272713498166329,0.00224983874609961,0.00191413196534952,0.00389540884224805,0.00723246757915197,0.0592761563812191,0.0781064080225123,0.0330586366271911,0.0002216295436292,0.000156715675320896,0.000156715615062532,0.000221629346272413,0.00022162944495081,0.000156715735579259,0.000156715554804169,0,0.011505848809423,0.00486892825687881,0.00453322132152649,0.012230856914174,0.0278817756764488,0.195994711584123,0.275154408380097,0.132135965744839,0
"8",0.195851871663132,0.311329361511924,0.4080814345461,0.347243361530025,0.252533014479852,0.314480764372088,0.30764219569668,0.121988404130858,0.0126003333273288,0.0201049822934462,0.0200926180367334,0.0244759081260519,0.0202186945034261,0.0111266596089105,0.00684033446005511,0.00182202723349105,0.0911864664173291,0.171644153026495,0.22814687963607,0.18079313324524,0.120683767177158,0.134062710116355,0.122925615527443,0.0479509087786908,0.0805445373458194,0.107182737830238,0.147444450589175,0.132146759945437,0.109091099197442,0.167495728823593,0.170084680538329,0.0637185031627007,0.0115205345726552,0.0123974883617456,0.0123974862841213,0.009827560213295,0.00253945360182648,0.00179566582323012,0.00779156517085229,0.00849696495597568,0
"10",0.883621481225852,0.0558639826579213,0.0275039028704104,0.0139989489013233,0.0139989520798822,0.0135600393733863,0.0181664385196646,0.0108783110458914,0.125079201406624,0.00781315618909122,0.00321781721664091,0.0045506802477862,0.00455068227393409,0.00321781936558729,0.00474959538281714,0.00326505947110408,0.313036256231896,0.00759464672495392,0.0045200100005079,0.00314942288451235,0.00314942375403189,0.00344740574974451,0.00421329309946145,0.00326505947110408,0.223294577563556,0.0219187658686445,0.0104193404790013,0.00314942288451235,0.00314942302595813,0.00291110357582487,0.00291110030036873,0.00163252973555204,0.222211446023769,0.0185374138752316,0.00934673517426031,0.00314942288451235,0.00314942302595813,0.00398371068222959,0.00629244973701723,0.00271566236813116,0
"11",0.0231348690990206,0.026512491134206,0.0403275160355149,0.447427882620966,0.663132068197651,0.234455113760419,0.0793422983281898,0.00559361427568067,0.0078951650107099,0.00662812292805231,0.00860576382491044,0.0419564043786442,0.0708388762159726,0.0375130569547973,0.0158159150773276,0.00139840356892017,0.00129935217057707,0.000918780274313699,0.000918779921035727,0.00129935101352929,0.0012993515920532,0.00091878062759167,0.000918779567757756,0,0.00129935217057707,0.00597207192249331,0.0105739178055866,0.154647424029056,0.24875746130726,0.0955793526079692,0.0298603341552695,0,0.0126409997471566,0.0129935160093466,0.0202290544839821,0.249524703199737,0.342236379082366,0.100443923570061,0.0327472695278352,0.00419521070676051,0
"12",0.34897823627637,0.321136419329996,0.304362908016368,0.30879156527098,0.310945321329927,0.282294655527632,0.276180985415334,0.127594637251572,0.0394967011455532,0.0388638614030622,0.0419315950133531,0.0353881641123846,0.0267424437885114,0.0236317064538196,0.0205639441591459,0.0097381286954686,0.0815938646660349,0.0725272616952506,0.0740721316623498,0.0863037284485254,0.100349179145202,0.0878219358213689,0.0801855595470539,0.0389213740694579,0.224871550526533,0.207612578430476,0.186226464359504,0.184083555457617,0.180837579800863,0.168708294631189,0.173298765548019,0.078935134486646,0.00301611993824898,0.00213271780120758,0.00213271698116143,0.00301611725245297,0.00301611859535101,0.00213271862125372,0.00213271616111529,0,0
"15",0.717131464034893,0.429146847137158,0.120805582654167,0.0393042040156715,0.0333744635055421,0.0555401419183863,0.05888477558928,0.0106940758348307,0.218189286707722,0.149329849230391,0.026933876049331,0.00331219555965432,0.00331219703437846,0.0175655839328182,0.0175655622485868,0,0.139397887281552,0.0573932627984679,0.02224971985987,0.00993658667896296,0.00993659110313539,0.00585519227437275,0.00919989018737059,0.00712938388988716,0.356232091536517,0.220081658245933,0.0692799107831451,0.0227432262173999,0.0168134783336497,0.0297772879482823,0.0297772480920484,0.00356469194494358,0.00331219850910252,0.00234207686236681,0.00234207596182052,0.00331219555965432,0.00331219703437846,0.00234207776291309,0.00234207506127424,0,1
"17",0.197193776564531,0.265043424095422,0.341498720691193,0.513389101647398,0.393103264356513,0.202213059088562,0.187570939924583,0.0918188414659594,0.00360535266568905,0.00382405169014385,0.003824050993663,0.00360534945519279,0.00360535106044097,0.00254936903164593,0.00254936609089198,0,0.0819605381379072,0.107484189661769,0.158480736403833,0.242830638980199,0.178173225664372,0.0830776167588682,0.0721027013273678,0.0504425173852534,0.092554573292937,0.104362819221828,0.115258654634901,0.184390126089089,0.154617220690932,0.075433796730017,0.0717666610277416,0.0297357431456475,0.0190733124679978,0.0493723635216812,0.0639352786587967,0.082562987122916,0.0567074669407688,0.0411522765680301,0.0411522114785813,0.0116405809350585,0
"19",0.126770600526783,0.166766686896863,0.178152144741334,0.218357440599157,0.453690777444228,0.520121996310731,0.3561835027481,0.112896518189843,0.0353752268238508,0.0352341259996202,0.0443491012697015,0.045674438112624,0.0779239713755423,0.117283732664735,0.0876682130293463,0.0241987464908742,0.00449694129462802,0.00317981610360182,0.00317981488093845,0.00449693729018947,0.0044969392924088,0.00317981732626518,0.00317981365827509,0,0.0402149759489179,0.064533107631164,0.0599591721301633,0.0868130533797546,0.207667524274741,0.233065391478201,0.139677811986785,0.0435577436835735,0.0466834564593868,0.063819637162477,0.0706640564605306,0.0813730118165883,0.163602342501537,0.166593054841529,0.125657664073694,0.0451400280153951,0
"22",0.180201634314378,0.233912773414436,0.328598452566335,0.516679446271358,0.391059329353697,0.224651526901426,0.170924577156643,0.0515813419325699,0.00625405453417785,0.00442228217307153,0.00442228047267056,0.00625404896506422,0.00625405174962112,0.00442228387347251,0.00442227877226958,0,0.126088658164682,0.150207409997064,0.200639464769927,0.302759307243933,0.210793169468378,0.134592474240112,0.106172954445624,0.0313889128617087,0.0322237845839344,0.052749387831639,0.0716956490384044,0.113259933884865,0.110994836000899,0.0625787742248024,0.0372713783180919,0.0134616193805742,0.0156351370315838,0.0265336934126614,0.0518410582853332,0.0944061561774953,0.0630172721347989,0.0230579945630392,0.0230579656206573,0.00673080969028708,0
"24",0.139217991365924,0.125660672320299,0.137740110214329,0.212814207585257,0.45560529309302,0.544882541748574,0.286371495738277,0.0514959371951919,0.0205447543694326,0.0153044606478817,0.015304457778654,0.0285194657404085,0.0914040519407157,0.114489715009934,0.066055272528341,0.00858265619919865,0.00797473147923732,0.00563898390443115,0.00563898173619915,0.00797472437789441,0.00797472792856597,0.00563898607266315,0.00563897956796714,0,0.0775837298944557,0.0571913498256032,0.0692708167807381,0.127255810364032,0.270025670196458,0.352151036543204,0.182455852422209,0.0343306247967946,0.0331147756227981,0.0475258779423832,0.0475258539187376,0.0490642071029226,0.0862008430272809,0.0726028041227719,0.0322213912197595,0.00858265619919865,0
"25",0.252158857444961,0.311748804161013,0.329153171272335,0.245856997661245,0.231061926263494,0.339350671715285,0.403591626465753,0.209024673853422,0.100522612938185,0.130795249903977,0.14993511435751,0.110798472452706,0.0983896372941425,0.145860718417702,0.165036559261385,0.088004059031673,0.00164712991791921,0.00116469615558036,0.00116469570774587,0.00164712845118213,0.00164712918455069,0.00116469660341485,0.00116469525991138,0,0.0260398850018605,0.0243132159708611,0.0218062437179102,0.0166281029210234,0.0201734896681506,0.0397753094844867,0.0439455171745728,0.0183064868243019,0.123949229586996,0.155475642130595,0.156247117489169,0.116783293836333,0.110851670116651,0.152549947209683,0.193444854769881,0.102714127997447,0
"26",0.295170778675804,0.389599922044719,0.370624889450603,0.269848806518878,0.243099791987541,0.309745448905742,0.339117285794956,0.149992311109923,0.140700930586642,0.144470633208473,0.13392224143133,0.0958088095699074,0.0913506496930161,0.143547270474982,0.149851949259847,0.0549557266532068,0.0468474406126743,0.0992243439063071,0.109681957654613,0.104348701852775,0.0909742019948114,0.069722534975082,0.0592346389367404,0.0252487694956029,0.00414240111876469,0.00292911846564715,0.00292911733937893,0.00414239743003725,0.00414239927440103,0.00292911959191538,0.0029291162131107,0,0.103480006357723,0.142975826464292,0.124091573025281,0.0655488976661583,0.0566325410253123,0.093546523863762,0.127101581385258,0.0697878149611133,0
"27",0.104929246751314,0.112136554771859,0.13707875136953,0.295527313145969,0.536531212996948,0.449517153590095,0.251176211283091,0.0427955811842821,0.0234135298899714,0.0348936084936664,0.0401366171672418,0.0527614417948927,0.0648506189200481,0.0602318331216751,0.0471053223973452,0.0148830854410345,0.00259603124372927,0.00183567038425095,0.00183566967842179,0.00259602893201405,0.00259603008787169,0.00183567109008011,0.00183566897259263,0,0.0432795651165543,0.048529137139706,0.0616745690557047,0.158109738505626,0.352583834645086,0.2949836047872,0.130760240658861,0.00929523195660243,0.0356401205010586,0.026878138754236,0.0334318954681614,0.0820601039134362,0.116500729343942,0.0924660445911401,0.0714749792542921,0.0186172637866451,0
"28",0.0386320742148822,0.0456947576834388,0.0690440990752851,0.295404518382168,0.617515455490535,0.457187366584166,0.217913582990092,0.0214757722186666,0.0152603254145753,0.0111554980380678,0.014315001008947,0.0575226769100254,0.192653448575461,0.166709698596981,0.0808731538012365,0.0102923547842419,0.00124791126207368,0.00088240607715921,0.000882405737867392,0.00124791015083303,0.00124791070645338,0.000882406416451027,0.000882405398575575,0,0.00249582224633721,0.00529443619508862,0.00971409585102093,0.0568035909556724,0.145831878663734,0.11766336447065,0.0507383061500314,0,0.0196280152918961,0.0283624173731231,0.0441325964774498,0.179830340365636,0.277782217544887,0.171931897100085,0.0854197176402477,0.0111834174344247,0
"29",0.338523117215588,0.282146948274291,0.292949593486063,0.308060839150084,0.285034515017618,0.337619450991204,0.366478371465528,0.175170613244969,0.125281318919806,0.144328987869778,0.146077346979335,0.148835902514093,0.136031222282461,0.163214039682598,0.156012133474936,0.0511452394576998,0.00356590101321569,0.00252147153426677,0.00252147056474187,0.00356589783785036,0.00356589942553307,0.00252147250379166,0.00252146959521698,0,0.0926291290771483,0.0751219997454724,0.0733475840935442,0.0673437077406776,0.057122046240603,0.0769267232798236,0.125616787696843,0.0946150195194589,0.117046768205418,0.060174489124774,0.0710031918484414,0.0883153310574619,0.0883153470690205,0.0949572155249902,0.082327980698533,0.0294103542678104,0
"30",0.328542234328306,0.270048910516302,0.27111368327923,0.30435276054893,0.378250145819442,0.344525884211904,0.313821436938146,0.161578320972901,0.0785392363500941,0.0669773348463399,0.0731299880367533,0.0824362641896157,0.104147465589623,0.09056502754115,0.0629075859960812,0.0355158284867188,0.00202121091063883,0.00142921123077651,0.00142921068123397,0.00202120911078991,0.0020212100107144,0.00142921178031905,0.00142921013169144,0,0.0854768705403978,0.0824469829139018,0.0763090734958417,0.0724546916275356,0.0883929316559874,0.0943017469509656,0.0912401067463985,0.0434640665546647,0.162504916527175,0.119195381525285,0.120245411065401,0.147440595620989,0.183688538563117,0.158229897939471,0.158244534063975,0.0825984259315175,0
"31",0.0797522414307725,0.568262994362353,0.594810357950101,0.105828894531189,0.0464856200638063,0.0385480018810324,0.0324057443756052,0.0173728359671612,0.00403557181644658,0.00998752380269939,0.00998752429363777,0.00403556822284855,0.00403557001964762,0.00285357987631586,0.00285357658464793,0,0.0361481861415687,0.102113244496545,0.106188395061566,0.0448345868094662,0.0187753426451753,0.00978233042309882,0.00978232691721271,0.00868641798358059,0.0268464916712703,0.345077839839803,0.351190481621721,0.0297871778534126,0.0196391373793357,0.0230585117053019,0.0169162642890966,0.00868641798358059,0.0127219918014869,0.111084386223307,0.127443956973175,0.0271715616454616,0.00403557001964762,0.00285357987631586,0.00285357658464793,0,1
"32",0.269426260569754,0.226829813989349,0.202255223752375,0.307764654969565,0.486745234762819,0.394919262616233,0.276379393336626,0.109336187277814,0.0638853879934454,0.0633805421764947,0.0634128027996542,0.0505639971001562,0.117098636154807,0.135360022461425,0.0906408064565504,0.0221782006601096,0.00441887481128628,0.00312461479128356,0.00312461358984552,0.00441887087636441,0.0044188728438254,0.0031246159927216,0.00312461238840748,0,0.126170321783718,0.0906355971617828,0.0772488804562704,0.132986828404196,0.218498795981823,0.166023684761531,0.116777661458219,0.0633793281191017,0.0749516759813043,0.0696890598597875,0.058468926906605,0.119794958588849,0.146728929782364,0.0904109394005549,0.0658363130334499,0.0237786584986032,0
"34",0.400000217141256,0.282842725438604,0.282842616683434,0.399999860948861,0.400000039045064,0.282842834193773,0.282842507928265,0,0.100000054285314,0.0707106813596509,0.0707106541708586,0.0999999652372153,0.100000009761266,0.0707107085484432,0.0707106269820663,0,0.100000054285314,0.0707106813596509,0.0707106541708586,0.0999999652372153,0.100000009761266,0.0707107085484432,0.0707106269820663,0,0.100000054285314,0.0707106813596509,0.0707106541708586,0.0999999652372153,0.100000009761266,0.0707107085484432,0.0707106269820663,0,0.100000054285314,0.0707106813596509,0.0707106541708586,0.0999999652372153,0.100000009761266,0.0707107085484432,0.0707106269820663,0,1
"36",0.400000217141256,0.282842725438604,0.282842616683434,0.399999860948861,0.400000039045064,0.282842834193773,0.282842507928265,0,0.100000054285314,0.0707106813596509,0.0707106541708586,0.0999999652372153,0.100000009761266,0.0707107085484432,0.0707106269820663,0,0.100000054285314,0.0707106813596509,0.0707106541708586,0.0999999652372153,0.100000009761266,0.0707107085484432,0.0707106269820663,0,0.100000054285314,0.0707106813596509,0.0707106541708586,0.0999999652372153,0.100000009761266,0.0707107085484432,0.0707106269820663,0,0.100000054285314,0.0707106813596509,0.0707106541708586,0.0999999652372153,0.100000009761266,0.0707107085484432,0.0707106269820663,0,1
"37",0.109367649729351,0.19382129568986,0.361239713697087,0.645534862471949,0.390527726736895,0.104842163473698,0.0801820029139134,0.0314475291743212,0.00974001501905313,0.0482105850309486,0.0924707570855834,0.201482641898428,0.107140117506472,0.0103308427502007,0.0103308350147683,0,0.0445725592859532,0.0462411512165391,0.0659123422446047,0.0913725654358563,0.0668798878432923,0.0522089986734519,0.0373844884364487,0.0209650194495475,0.0453150604052913,0.064933416358645,0.143831509264137,0.261307089701808,0.177547678657505,0.0319714751184175,0.0221358486293553,0.0104825097247737,0.00974001501905313,0.0344361430837268,0.0590251051027619,0.0913725654358563,0.0389600427296261,0.0103308469316279,0.0103308308333411,0,1
"39",0.182120632602641,0.171575096335919,0.166008495310351,0.175767587324882,0.452550661044301,0.48184744516374,0.342602461159256,0.0513407609072579,0.0504526662916492,0.0367497734605538,0.0367497729649004,0.061477556382963,0.168266011973736,0.192092270753828,0.158773205587173,0.019737696118923,0.0110249375256445,0.00779580421188226,0.00779580121433652,0.0110249277081526,0.0110249326168987,0.007795807209428,0.00779579821679078,0,0.109618091259703,0.119233714451601,0.113667119916777,0.0922401755256139,0.262234783836767,0.274163559991055,0.168237659138501,0.0316030647883348,0.0110249375256445,0.00779580421188226,0.00779580121433652,0.0110249277081526,0.0110249326168987,0.007795807209428,0.00779579821679078,0,0
"40",0.312193783786155,0.633862501102445,0.454816804330071,0.0445338334593129,0.0445338515010766,0.00835440267632971,0.00835439534806682,0.00376121258017448,0.0329182668670753,0.0687338360564253,0.0510713486864635,0.00465972817076701,0.00465973024546747,0.000823731987847369,0.000823731037654177,0,0.15188641944918,0.294631954540751,0.206285476075041,0.0199814552837773,0.0199814633620875,0.00282382790545971,0.00282382689342897,0.00250747505344966,0.126224164389859,0.269672978834154,0.19663624821418,0.0187277179620768,0.0187277253321548,0.00388311079517527,0.00388310637932949,0.00125373752672483,0.00116493308004195,0.000823731671116305,0.000823731354385241,0.00116493204269175,0.00116493256136687,0.000823731987847369,0.000823731037654177,0,0
"41",0.400000217141256,0.282842725438604,0.282842616683434,0.399999860948861,0.400000039045064,0.282842834193773,0.282842507928265,0,0.100000054285314,0.0707106813596509,0.0707106541708586,0.0999999652372153,0.100000009761266,0.0707107085484432,0.0707106269820663,0,0.100000054285314,0.0707106813596509,0.0707106541708586,0.0999999652372153,0.100000009761266,0.0707107085484432,0.0707106269820663,0,0.100000054285314,0.0707106813596509,0.0707106541708586,0.0999999652372153,0.100000009761266,0.0707107085484432,0.0707106269820663,0,0.100000054285314,0.0707106813596509,0.0707106541708586,0.0999999652372153,0.100000009761266,0.0707107085484432,0.0707106269820663,0,1
"42",0.400000217141256,0.282842725438604,0.282842616683434,0.399999860948861,0.400000039045064,0.282842834193773,0.282842507928265,0,0.100000054285314,0.0707106813596509,0.0707106541708586,0.0999999652372153,0.100000009761266,0.0707107085484432,0.0707106269820663,0,0.100000054285314,0.0707106813596509,0.0707106541708586,0.0999999652372153,0.100000009761266,0.0707107085484432,0.0707106269820663,0,0.100000054285314,0.0707106813596509,0.0707106541708586,0.0999999652372153,0.100000009761266,0.0707107085484432,0.0707106269820663,0,0.100000054285314,0.0707106813596509,0.0707106541708586,0.0999999652372153,0.100000009761266,0.0707107085484432,0.0707106269820663,0,0
"43",0.334063276191712,0.254966963575479,0.246659557305597,0.365501737770669,0.365501858122792,0.326938310962819,0.31056016743455,0.10758404213912,0.179213217661247,0.144740440766804,0.140527534392351,0.199105932729422,0.172923315356073,0.179851867985212,0.167568304965305,0.0494282420553478,0.0533290886318399,0.0327654081760601,0.0286709265841552,0.0243280873030651,0.0475736867938456,0.0578037898623059,0.0578037780009625,0.0232455679700739,0.00810936965559063,0.00573418742461925,0.00573418521978078,0.0243280873030651,0.0330556518816774,0.0126957630451965,0.00860127278172113,0,0.0934116002430342,0.0717269272079954,0.0717269111093096,0.117739630435116,0.111949204091196,0.076586890070104,0.0765868116865611,0.0349102321136986,0
"44",0.400000217141256,0.282842725438604,0.282842616683434,0.399999860948861,0.400000039045064,0.282842834193773,0.282842507928265,0,0.100000054285314,0.0707106813596509,0.0707106541708586,0.0999999652372153,0.100000009761266,0.0707107085484432,0.0707106269820663,0,0.100000054285314,0.0707106813596509,0.0707106541708586,0.0999999652372153,0.100000009761266,0.0707107085484432,0.0707106269820663,0,0.100000054285314,0.0707106813596509,0.0707106541708586,0.0999999652372153,0.100000009761266,0.0707107085484432,0.0707106269820663,0,0.100000054285314,0.0707106813596509,0.0707106541708586,0.0999999652372153,0.100000009761266,0.0707107085484432,0.0707106269820663,0,0
"45",0.275200757067207,0.243622578087784,0.271982868461129,0.300397601866969,0.285312138231931,0.321897004613738,0.378515046285788,0.241296646260061,0.0145512956158968,0.0307953466441219,0.0307953449751345,0.0215597953261941,0.0341069942251376,0.0400453258001245,0.0293782165572271,0.0150855641565064,0.0641754526297618,0.061684720764642,0.0510176218962183,0.0416497562519128,0.036645362583688,0.0700851316074934,0.09131693022506,0.0678850387042788,0.189465495339896,0.13131944596324,0.163269564537205,0.201076966877181,0.185991471961736,0.193360593674968,0.239413978857668,0.150783261321023,0.00700851348165258,0.01982306471578,0.026900337052571,0.0361110834116803,0.0285683094613692,0.0184059535311518,0.0184059206458337,0.0075427820782532,0
"47",0.400000217141256,0.282842725438604,0.282842616683434,0.399999860948861,0.400000039045064,0.282842834193773,0.282842507928265,0,0.100000054285314,0.0707106813596509,0.0707106541708586,0.0999999652372153,0.100000009761266,0.0707107085484432,0.0707106269820663,0,0.100000054285314,0.0707106813596509,0.0707106541708586,0.0999999652372153,0.100000009761266,0.0707107085484432,0.0707106269820663,0,0.100000054285314,0.0707106813596509,0.0707106541708586,0.0999999652372153,0.100000009761266,0.0707107085484432,0.0707106269820663,0,0.100000054285314,0.0707106813596509,0.0707106541708586,0.0999999652372153,0.100000009761266,0.0707107085484432,0.0707106269820663,0,1
"48",0.400000217141256,0.282842725438604,0.282842616683434,0.399999860948861,0.400000039045064,0.282842834193773,0.282842507928265,0,0.100000054285314,0.0707106813596509,0.0707106541708586,0.0999999652372153,0.100000009761266,0.0707107085484432,0.0707106269820663,0,0.100000054285314,0.0707106813596509,0.0707106541708586,0.0999999652372153,0.100000009761266,0.0707107085484432,0.0707106269820663,0,0.100000054285314,0.0707106813596509,0.0707106541708586,0.0999999652372153,0.100000009761266,0.0707107085484432,0.0707106269820663,0,0.100000054285314,0.0707106813596509,0.0707106541708586,0.0999999652372153,0.100000009761266,0.0707107085484432,0.0707106269820663,0,1
"49",0.141586500006649,0.075504547043999,0.0593823281922763,0.0704670414726293,0.059066938301594,0.177621069387983,0.595792806191717,0.554331948704763,0.0597968713668236,0.0275880126875779,0.0222010511182597,0.0272890540461089,0.0158889404548108,0.0711561464651431,0.223930319138731,0.205038127219767,0.00529631584306988,0.00374505898657681,0.00374505754657328,0.00529631112680387,0.00529631348493695,0.00374506042658035,0.00374505610656975,0,0.0295334856407624,0.0120367893107691,0.00936264443486557,0.00529631112680387,0.00529631348493695,0.0655385637833256,0.263927878706293,0.248665657242222,0.046959827155993,0.0321346860590751,0.0240735750925777,0.0325853651729127,0.0325853708769093,0.0371812987129337,0.104189552240124,0.100628164242773,1
"52",0.297408418214516,0.265825789832358,0.282259176501901,0.442070508264824,0.416553061278456,0.248876050344196,0.238977988395125,0.136964434177912,0.00647205241263202,0.00457642987459649,0.00457642811492456,0.00647204664939552,0.00647204953101385,0.00457643163426842,0.00457642635525262,0,0.0838608970138785,0.0630827573420472,0.0696655909673919,0.13329313265691,0.126327763004366,0.0663978143807788,0.0663505221607267,0.0487579809223734,0.0579726932389941,0.0745238408946142,0.0876894668586704,0.137421096091337,0.118868967144652,0.0644386871642778,0.0578558180236195,0.02089627753816,0.149102775549011,0.1236427617211,0.120327690560914,0.164884232867181,0.164884281598424,0.113463117164871,0.110195221855527,0.0673101757173787,0
"54",0.400000217141256,0.282842725438604,0.282842616683434,0.399999860948861,0.400000039045064,0.282842834193773,0.282842507928265,0,0.100000054285314,0.0707106813596509,0.0707106541708586,0.0999999652372153,0.100000009761266,0.0707107085484432,0.0707106269820663,0,0.100000054285314,0.0707106813596509,0.0707106541708586,0.0999999652372153,0.100000009761266,0.0707107085484432,0.0707106269820663,0,0.100000054285314,0.0707106813596509,0.0707106541708586,0.0999999652372153,0.100000009761266,0.0707107085484432,0.0707106269820663,0,0.100000054285314,0.0707106813596509,0.0707106541708586,0.0999999652372153,0.100000009761266,0.0707107085484432,0.0707106269820663,0,0
"57",0.0677169567066319,0.044403260491006,0.0361519906170386,0.0523796669080278,0.0921300294608639,0.499015778974228,0.617261312524537,0.224864495570814,0.0556093091102377,0.0373397618630491,0.0290858471325141,0.0364727262445612,0.0520526740083473,0.155838014950774,0.217804559661541,0.116386300635433,0.000362344091875155,0.00025621583714379,0.00025621573862686,0.000362343769214805,0.000362343930544985,0.000256215935660719,0.000256215640109931,0,0.00358037912433223,0.00398933925411162,0.00435788365436892,0.00526086012595529,0.00629952366020656,0.0544687453089729,0.0740813538469632,0.0318272737289061,0.00816492438018683,0.00281794353670148,0.00245204409152872,0.0102837367682965,0.0334154878617652,0.288452802778821,0.325119183375921,0.0766509212064741,0
"58",0.475679095154743,0.0253579603942981,0.0238579403263406,0.011253994753887,0.0112539985299659,0.156203502693007,0.451291889222374,0.514081101498727,0.254235957469886,0.0104280802329903,0.00892806594407106,0.00445630276038147,0.00445630474450866,0.0698490355201874,0.20274100906401,0.234405475867391,0.00148543557621191,0.00105036104690631,0.00105036064303453,0.00148543425346049,0.00148543491483622,0.00105036145077808,0.00105036023916276,0,0.0713009099729867,0.00367626382359792,0.00367626209119501,0.00148543425346049,0.00148543491483622,0.022582774061394,0.0698873490851928,0.0820396142239317,0.148656792135656,0.0102032552908035,0.0102032516480401,0.00382682348658459,0.00382682395578476,0.0627213316606478,0.177613170834005,0.197636011407404,0
"59",0.011146269713288,0.00762037072573808,0.00582064929879941,0.0334494625931396,0.0372856633876305,0.490708011727088,0.6415097015441,0.249672201916772,0.00502434480722049,0.00390010070239591,0.00270028703173769,0.013160269348203,0.0131602747904115,0.224080447971852,0.281158123967485,0.0928801275570964,0.00118815504081781,0.000840152068892123,0.000840151745847292,0.00356446194836673,0.00356446353541013,0.0445280755020111,0.0529267282949555,0.0179022162119534,0.00118815504081781,0.000840152068892123,0.000840151745847292,0.00118815398278891,0.00118815451180338,0.0180632801687462,0.0264879801484184,0.00893883746512852,0.00374561482443185,0.00203996588555792,0.00144005877536714,0.0155365773137808,0.0193727705500056,0.204036208084479,0.280936869133245,0.129951020682594,0
"60",0.487137080126099,0.0534259406290975,0.0333375622780455,0.0157224090269824,0.0157224148474067,0.187408539216885,0.47089927060101,0.469322049869769,0.268598576564197,0.0310587880732042,0.0145539229596733,0.0049681544074542,0.00496815661947855,0.0888291803715876,0.198608781173537,0.190901667252726,0.00141947395185794,0.00100371915820941,0.0010037187722718,0.00141947268784406,0.00141947331985102,0.00100371954414703,0.00100371838633418,0,0.0581984332901893,0.00501859579104706,0.00501859386135899,0.00141947268784406,0.00141947331985102,0.0230855525623107,0.0762043483369894,0.0844926697295786,0.158920596319853,0.0163448376066368,0.0127613266847414,0.00791530924384012,0.00791531158822606,0.0744900867388398,0.195082422704147,0.193927712887464,0
"61",0.0923310732582184,0.0559750648260223,0.0496971346126533,0.0641466857368665,0.105039919379604,0.374610681702292,0.55269090505823,0.33873531161548,0.0328210653006777,0.0280265417808849,0.028443860258708,0.0283381309914039,0.034864272359509,0.0457200463549846,0.0540724653871998,0.0373521237425262,0.000826531859891474,0.000584445992515514,0.000584445767791605,0.000826531123880967,0.000826531491886231,0.000584446217239422,0.000584445543067696,0,0.00650191951601199,0.00676820900160193,0.00592753041526424,0.00762780485897141,0.00969771020985401,0.022595339303159,0.0305183847982019,0.0237182080934009,0.0521815565816373,0.0205958680510199,0.0147412981708894,0.0273542187626101,0.0596514053183544,0.305710849826909,0.467515609329761,0.277664979779552,0
"62",0.0342139449873016,0.00578010702149607,0.00648912709720535,0.00974638978499488,0.348847320890893,0.641423939959918,0.417327353242659,0.00377827905095,0.0078304941405664,0.00269494765769036,0.00304945789441708,0.00472442467534351,0.104136940313865,0.310875474899552,0.236608182239166,0.00377827905095,0.000702131372517686,0.000496481608030524,0.000496481417129587,0.000702130747283387,0.000702131059900546,0.000496481798931461,0.00049648122622865,0,0.00421278823510611,0.000496481608030524,0.000496481417129587,0.000702130747283387,0.0457581755028425,0.0858408839433502,0.0538682119541747,0,0.0214685312391114,0.00209219614774466,0.00244670636852909,0.0036177036150846,0.198250074014286,0.244211099318082,0.126354477823092,0,0
"64",0.437281028088502,0.0615708623356728,0.0485362810468112,0.0430536987761954,0.0522807778449319,0.159847800192478,0.46547164802158,0.496619853287735,0.253386656844069,0.0295210103600303,0.0255192702487663,0.0269002335548291,0.0382597771823948,0.108408577853255,0.287731954434654,0.310500134586991,0.0158513828903662,0.00210161511371329,0.00210161473094266,0.00198142115201537,0.00198142203422463,0.0063048462767936,0.0193249404435736,0.0227395221309469,0.107874092713377,0.0179262191748203,0.0129095817445454,0.0100581537626985,0.00792568813689854,0.0301231676896847,0.117348895298502,0.120751269597162,0.0601688956406897,0.0120220176871087,0.00800581432255676,0.00411389030665238,0.00411389049141398,0.0150112083727455,0.041065857844846,0.0426289269726368,0
"66",0.0402277234115565,0.0148061594809966,0.0159903129873269,0.0286799740770486,0.280991951545368,0.632114426999799,0.483888529278561,0.0151445325788277,0.0191199966338284,0.00651426399629496,0.00651426376857514,0.010911429207948,0.11859778734688,0.272091130706694,0.217602446707182,0.00252408876313796,0.00234530309132793,0.00165837889557074,0.0016583782579115,0.00234530100288125,0.00234530204710462,0.00248756879642101,0.00248756693380237,0,0.0070359092739838,0.00165837889557074,0.0016583782579115,0.00234530100288125,0.0275861817982793,0.0756892195523346,0.0638475276185192,0,0.0117265144124163,0.00497513769356018,0.00615929270292876,0.0130779428633381,0.132462680353104,0.281846507944351,0.199950988019055,0.0126204438156898,1
"68",0.342368045501344,0.510176570964428,0.35195244906713,0.110446479056558,0.0705867211169129,0.0414348769146468,0.0484557279240398,0.0299307390406966,0.0069526729629158,0.00491627975596808,0.00491627786562129,0.00695266677169607,0.00695266986730603,0.00491628164631487,0.00491627597527451,0,0.0069526729629158,0.00491627975596808,0.00491627786562129,0.00695266677169607,0.00695266986730603,0.00491628164631487,0.00491627597527451,0,0.321510026612597,0.495427731696524,0.337203615470266,0.0895884787414699,0.0497287115149948,0.0266860319757022,0.0337068999982163,0.0299307390406966,0.0069526729629158,0.00491627975596808,0.00491627786562129,0.00695266677169607,0.00695266986730603,0.00491628164631487,0.00491627597527451,0,1
"70",0.400000217141256,0.282842725438604,0.282842616683434,0.399999860948861,0.400000039045064,0.282842834193773,0.282842507928265,0,0.100000054285314,0.0707106813596509,0.0707106541708586,0.0999999652372153,0.100000009761266,0.0707107085484432,0.0707106269820663,0,0.100000054285314,0.0707106813596509,0.0707106541708586,0.0999999652372153,0.100000009761266,0.0707107085484432,0.0707106269820663,0,0.100000054285314,0.0707106813596509,0.0707106541708586,0.0999999652372153,0.100000009761266,0.0707107085484432,0.0707106269820663,0,0.100000054285314,0.0707106813596509,0.0707106541708586,0.0999999652372153,0.100000009761266,0.0707107085484432,0.0707106269820663,0,0
"73",0.36238889939781,0.279344319276322,0.279344237376106,0.259964438046687,0.305806515433822,0.276927358479762,0.276927202527289,0.100958028093354,0.0256060658425129,0.0181062137976267,0.0181062068356504,0.0256060430408104,0.025606054441662,0.0181062207596029,0.0181061998736741,0,0.0256060658425129,0.0181062137976267,0.0181062068356504,0.0256060430408104,0.025606054441662,0.0181062207596029,0.0181061998736741,0,0.285570701870271,0.225025677883442,0.225025616869155,0.183146308924255,0.228988352108836,0.222608696200953,0.222608602906266,0.100958028093354,0.0256060658425129,0.0181062137976267,0.0181062068356504,0.0256060430408104,0.025606054441662,0.0181062207596029,0.0181061998736741,0,0
"74",0.400000217141256,0.282842725438604,0.282842616683434,0.399999860948861,0.400000039045064,0.282842834193773,0.282842507928265,0,0.100000054285314,0.0707106813596509,0.0707106541708586,0.0999999652372153,0.100000009761266,0.0707107085484432,0.0707106269820663,0,0.100000054285314,0.0707106813596509,0.0707106541708586,0.0999999652372153,0.100000009761266,0.0707107085484432,0.0707106269820663,0,0.100000054285314,0.0707106813596509,0.0707106541708586,0.0999999652372153,0.100000009761266,0.0707107085484432,0.0707106269820663,0,0.100000054285314,0.0707106813596509,0.0707106541708586,0.0999999652372153,0.100000009761266,0.0707107085484432,0.0707106269820663,0,0
"76",0.0561177096974336,0.181553583563494,0.528121825406645,0.638087975908273,0.10279407430681,0.0543182573522575,0.0543181915226316,0.00976761390060802,0.00453787826532581,0.0240657193058113,0.0906431832514243,0.109599325612135,0.0136136287346394,0.00641752826517999,0.00641752086241822,0,0.035697256998356,0.0740600273718346,0.246297957470481,0.301351664888061,0.0638761979158618,0.0311700814275018,0.0311700478971935,0.00488380695030401,0.011344696168426,0.0738015462413303,0.167774037154693,0.200169571994329,0.0162284951665492,0.0119175024347554,0.0119174811421416,0.00488380695030401,0.00453787826532581,0.00962629064451829,0.0234066475300472,0.0269674134137473,0.00907575248975961,0.0048131452248204,0.00481314162087826,0,1
"77",0.400000217141256,0.282842725438604,0.282842616683434,0.399999860948861,0.400000039045064,0.282842834193773,0.282842507928265,0,0.100000054285314,0.0707106813596509,0.0707106541708586,0.0999999652372153,0.100000009761266,0.0707107085484432,0.0707106269820663,0,0.100000054285314,0.0707106813596509,0.0707106541708586,0.0999999652372153,0.100000009761266,0.0707107085484432,0.0707106269820663,0,0.100000054285314,0.0707106813596509,0.0707106541708586,0.0999999652372153,0.100000009761266,0.0707107085484432,0.0707106269820663,0,0.100000054285314,0.0707106813596509,0.0707106541708586,0.0999999652372153,0.100000009761266,0.0707107085484432,0.0707106269820663,0,1
"78",0.0456723588201644,0.0428437933884637,0.0548258249422975,0.278919589651648,0.618465808591458,0.45309627271102,0.225463436569865,0.0344340504052518,0.019588680388615,0.0114413457829451,0.0124313294942953,0.0286449568576487,0.153575855857245,0.193617269822825,0.116962527624403,0.0216421403873129,0.000324442186485927,0.00022941515614361,0.000229415067931746,0.000324441897576485,0.00032444204203121,0.000229415244355474,0.000229414979719881,0,0.0079597414491575,0.00814385211814875,0.0101143447015729,0.0488022612884946,0.177684899937955,0.143117278656382,0.0556414562460179,0.00406923942893434,0.0177994947959059,0.0230291803312263,0.0320507356784975,0.201147929607932,0.286880610754217,0.116132308987461,0.052630037719725,0.00872267058900455,0
"79",0.271701846825105,0.263119935842375,0.285124040297363,0.324430016941471,0.366680735744175,0.352467598110537,0.346161006405267,0.168970451102744,0.0700926444930364,0.0771888732935228,0.0803193766510255,0.0876157487453008,0.112061484637717,0.128741096809752,0.138155135585565,0.070032753530385,0.0150866292520845,0.0199054457166623,0.0199054422725088,0.0197367580076102,0.0164003511481449,0.0172441382279807,0.0172215001042009,0.0133456696102198,0.0401236980737379,0.040103516076227,0.0479524314364825,0.0598604252902337,0.0576468422714578,0.0432340383736426,0.043234012782883,0.0188956918343089,0.146398875006246,0.125922100755963,0.136946789937346,0.157217084898326,0.180572057686855,0.163248324699161,0.147550357932618,0.0666963361278301,0
"80",0.388049777268334,0.0949153332279265,0.08343419914517,0.0733867422407013,0.0815051321501732,0.191254815152728,0.504172040863599,0.489522868805695,0.0765834218314588,0.0289531106017325,0.02133575560809,0.0226299820920948,0.0307483645914677,0.0411462762209251,0.0793431645579986,0.0513644286633279,0.00754333408122352,0.00533394003052182,0.00533393797958149,0.00754332736403159,0.00754333072262766,0.00533394208146214,0.00533393592864117,0,0.173496690585333,0.0186687892972305,0.0186687837381311,0.00754332736403159,0.00754333072262766,0.085343089946692,0.279916003428643,0.300223996133789,0.130426330770319,0.0419594932984417,0.0380957218193675,0.0356701054205434,0.0356701061134502,0.0594315069036483,0.139578936948316,0.137934444008578,1
"81",0.695330891845816,0.462120396994557,0.186601339977384,0.0518564276110526,0.0568267032308064,0.06320891359208,0.0702378575970878,0.0231786622746459,0.0714730754056631,0.0450416867671827,0.0146950424844319,0.00461820548671787,0.00461820754293073,0.00489834944431706,0.0048983457765765,0,0.312633012765521,0.218917621392595,0.090502004236232,0.01189756946918,0.0168678349747082,0.0275224922753033,0.0275224733939635,0.00994052410378543,0.222599488705528,0.14445760504272,0.0650764730102669,0.0307224471684368,0.0307224531702367,0.024256937958293,0.0312859120461895,0.0132381381708604,0.0886253149691041,0.0537034837920601,0.0163278202464534,0.00461820548671787,0.00461820754293073,0.00653113391416658,0.00653112638035818,0,1
"82",0.400000217141256,0.282842725438604,0.282842616683434,0.399999860948861,0.400000039045064,0.282842834193773,0.282842507928265,0,0.100000054285314,0.0707106813596509,0.0707106541708586,0.0999999652372153,0.100000009761266,0.0707107085484432,0.0707106269820663,0,0.100000054285314,0.0707106813596509,0.0707106541708586,0.0999999652372153,0.100000009761266,0.0707107085484432,0.0707106269820663,0,0.100000054285314,0.0707106813596509,0.0707106541708586,0.0999999652372153,0.100000009761266,0.0707107085484432,0.0707106269820663,0,0.100000054285314,0.0707106813596509,0.0707106541708586,0.0999999652372153,0.100000009761266,0.0707107085484432,0.0707106269820663,0,1
"83",0.400000217141256,0.282842725438604,0.282842616683434,0.399999860948861,0.400000039045064,0.282842834193773,0.282842507928265,0,0.100000054285314,0.0707106813596509,0.0707106541708586,0.0999999652372153,0.100000009761266,0.0707107085484432,0.0707106269820663,0,0.100000054285314,0.0707106813596509,0.0707106541708586,0.0999999652372153,0.100000009761266,0.0707107085484432,0.0707106269820663,0,0.100000054285314,0.0707106813596509,0.0707106541708586,0.0999999652372153,0.100000009761266,0.0707107085484432,0.0707106269820663,0,0.100000054285314,0.0707106813596509,0.0707106541708586,0.0999999652372153,0.100000009761266,0.0707107085484432,0.0707106269820663,0,1
"84",0.0385535332715057,0.235099085812038,0.567296533697935,0.565565369528169,0.0381904087183777,0.0281355674331923,0.0243869337944629,0.0131900721951284,0.00367673854227513,0.0129992281668371,0.0365495368640415,0.0402458187391647,0.00245115811872117,0.00173323110420513,0.00173322910488445,0,0.0147069552604553,0.120459517680614,0.303947371386053,0.295410123959814,0.0203207856706192,0.0119012396904659,0.00940813043276849,0.00527602887805135,0.0177186802586994,0.0947074171612361,0.212441069100522,0.211630185756044,0.0129673068103162,0.0127678655343161,0.0115123451519255,0.00791404331707702,0.00245115921007588,0.00693292280335201,0.0143585563473191,0.0182792410731453,0.00245115811872117,0.00173323110420513,0.00173322910488445,0,1
"85",0.400000217141256,0.282842725438604,0.282842616683434,0.399999860948861,0.400000039045064,0.282842834193773,0.282842507928265,0,0.100000054285314,0.0707106813596509,0.0707106541708586,0.0999999652372153,0.100000009761266,0.0707107085484432,0.0707106269820663,0,0.100000054285314,0.0707106813596509,0.0707106541708586,0.0999999652372153,0.100000009761266,0.0707107085484432,0.0707106269820663,0,0.100000054285314,0.0707106813596509,0.0707106541708586,0.0999999652372153,0.100000009761266,0.0707107085484432,0.0707106269820663,0,0.100000054285314,0.0707106813596509,0.0707106541708586,0.0999999652372153,0.100000009761266,0.0707107085484432,0.0707106269820663,0,1
"87",0.400000217141256,0.282842725438604,0.282842616683434,0.399999860948861,0.400000039045064,0.282842834193773,0.282842507928265,0,0.100000054285314,0.0707106813596509,0.0707106541708586,0.0999999652372153,0.100000009761266,0.0707107085484432,0.0707106269820663,0,0.100000054285314,0.0707106813596509,0.0707106541708586,0.0999999652372153,0.100000009761266,0.0707107085484432,0.0707106269820663,0,0.100000054285314,0.0707106813596509,0.0707106541708586,0.0999999652372153,0.100000009761266,0.0707107085484432,0.0707106269820663,0,0.100000054285314,0.0707106813596509,0.0707106541708586,0.0999999652372153,0.100000009761266,0.0707107085484432,0.0707106269820663,0,1
"88",0.400000217141256,0.282842725438604,0.282842616683434,0.399999860948861,0.400000039045064,0.282842834193773,0.282842507928265,0,0.100000054285314,0.0707106813596509,0.0707106541708586,0.0999999652372153,0.100000009761266,0.0707107085484432,0.0707106269820663,0,0.100000054285314,0.0707106813596509,0.0707106541708586,0.0999999652372153,0.100000009761266,0.0707107085484432,0.0707106269820663,0,0.100000054285314,0.0707106813596509,0.0707106541708586,0.0999999652372153,0.100000009761266,0.0707107085484432,0.0707106269820663,0,0.100000054285314,0.0707106813596509,0.0707106541708586,0.0999999652372153,0.100000009761266,0.0707107085484432,0.0707106269820663,0,1
"89",0.400000217141256,0.282842725438604,0.282842616683434,0.399999860948861,0.400000039045064,0.282842834193773,0.282842507928265,0,0.100000054285314,0.0707106813596509,0.0707106541708586,0.0999999652372153,0.100000009761266,0.0707107085484432,0.0707106269820663,0,0.100000054285314,0.0707106813596509,0.0707106541708586,0.0999999652372153,0.100000009761266,0.0707107085484432,0.0707106269820663,0,0.100000054285314,0.0707106813596509,0.0707106541708586,0.0999999652372153,0.100000009761266,0.0707107085484432,0.0707106269820663,0,0.100000054285314,0.0707106813596509,0.0707106541708586,0.0999999652372153,0.100000009761266,0.0707107085484432,0.0707106269820663,0,1
"90",0.331954048080325,0.536710062581696,0.484982392194596,0.222311446696848,0.156346454356366,0.16509947241175,0.165099276454219,0.0439766990550812,0.165392083873071,0.256036245309583,0.173361598582335,0.0408617152865364,0.0408617334798336,0.0288936184483838,0.0288935851189515,0,0.0746230206685501,0.114535556058319,0.0939042099234539,0.0306462864649023,0.0526346486564568,0.0392092904735453,0.0392092737052665,0.0219883495275406,0.0715080677021389,0.0577872115141676,0.0887342482986772,0.0863958954385918,0.0424192054801592,0.0825497542656289,0.082549625070525,0.0219883495275406,0.0204308758365648,0.108351049699626,0.12898233539013,0.0644075495068173,0.0204308667399168,0.0144468092241919,0.0144467925594757,0,1
"93",0.191448837455602,0.195862699215263,0.187312062184252,0.240962644008876,0.422872768624052,0.489066852409518,0.343212078286872,0.0970885812309186,0.0690309527219919,0.0684247909970024,0.0684247783609702,0.102900850358444,0.230307849261997,0.182516516329483,0.0796621463004177,0.0120923630989976,0.0169349918468942,0.0119748416225599,0.0119748370181426,0.0169349767666142,0.0169349843067544,0.0419119446321334,0.059013103919577,0.0364519390117512,0.0169349918468942,0.0538867901324466,0.0709879430209705,0.104191840117204,0.158694950748546,0.252663545220925,0.192561995653151,0.0485442791201698,0.088547901039822,0.0615762764632542,0.0359245037841684,0.0169349767666142,0.0169349843067544,0.0119748462269771,0.0119748324137253,0,1
"95",0.385071964514595,0.352576767114846,0.230024245248327,0.173272626501787,0.208035796684612,0.286303496511653,0.38439235620884,0.214261546733362,0.0161504038637032,0.0114200544149475,0.0114200500238501,0.0161503894820834,0.0161503966728935,0.0114200588060449,0.0114200456327527,0,0.183880089756457,0.195159606808711,0.097070441769363,0.056526363187292,0.0739079588841602,0.105224891745522,0.195041665333886,0.16796627293233,0,0,0,0,0,0,0,0,0.185041470894435,0.145997105891187,0.121533753455114,0.100595873832412,0.117977441127558,0.169658545960086,0.177930645242202,0.0462952738010319,0
"96",0.32548128423893,0.321004166782938,0.326384657617148,0.325967162321568,0.32044753787427,0.303523379341613,0.316596329880371,0.154121285988543,0.12196627289927,0.126355043747196,0.12900749383105,0.142998951287983,0.139301334829981,0.119294941586292,0.142902260595443,0.0779716849291369,0.00517846510344768,0.00366172597084016,0.0036617245628788,0.00517846049212546,0.00517846279778664,0.00366172737880152,0.00366172315491745,0,0.0882303882750275,0.0806213007555898,0.0754298200807766,0.0511157181566247,0.0437204256229951,0.068820717700362,0.0740499024748384,0.0315637882448634,0.110106157961185,0.110366096309312,0.118285619142443,0.126674032384835,0.132247314623507,0.111745992676157,0.0959824436551725,0.0445858128145423,0
"98",0.0277461002037297,0.0224698773642295,0.0282506450711459,0.631768485940542,0.62869936848788,0.0258023407656663,0.0214615340496133,0.00920819095365478,0.0134861706392779,0.0133949165434282,0.0162957164781961,0.179294255316,0.171119093822109,0.00504164694102637,0.00648162594811236,0.00306939698455159,0.00570397169879881,0.00302498694026711,0.00446497171399871,0.137112626961768,0.13711268700827,0.00446497336916092,0.00302498492009883,0,0.00285198616685416,0.00302498694026711,0.00302498516495234,0.172545009446573,0.177650930855162,0.0118307470863181,0.00892993826130327,0.00613879396910319,0.00570397169879881,0.00302498694026711,0.00446497171399871,0.1428165942162,0.14281665680234,0.00446497336916092,0.00302498492009883,0,0
"99",0.0268537932986637,0.020322869304795,0.0233105923153306,0.613125829994909,0.613126098446083,0.023310607714326,0.0203228542135515,0.00318423969233135,0.00295869436250315,0.00732238973805724,0.0088162543159377,0.0978623744626031,0.0946781774455477,0.00209211261179892,0.00209211019850043,0,0.00591738806634139,0.00209211180736609,0.00209211100293326,0.05917383455687,0.0623581004537412,0.00463203212189305,0.00313816593284028,0,0.0120603228034778,0.0067241435095499,0.00523027718978834,0.27811702241729,0.281301384376466,0.011954430858741,0.0119544121493705,0.00318423969233135,0.00591738806634139,0.00418422424982181,0.00717194980667132,0.177972598558145,0.174788436170329,0.00463203212189305,0.00313816593284028,0,0
"100",0.0220211016370126,0.0314106610003553,0.031410651989956,0.625468029928854,0.634293747638473,0.0392057169606404,0.0392056870109122,0.0154524780736789,0.00639232958150126,0.0124397561207754,0.0124397551452679,0.154175251471092,0.150861803309069,0.00217704978848832,0.00217704727721291,0,0.00307881368324171,0.00217704895139652,0.00217704811430471,0.157019358022526,0.163646457907847,0.0139942708491343,0.0108852416730524,0,0.00615762805188931,0.00435409790279304,0.00435409622860943,0.147782925197671,0.15660843386277,0.0186802967460412,0.0186802780859483,0.00882544632635313,0.00639233032038029,0.0124397580253903,0.012439752501774,0.166490495237564,0.163177052558788,0.00435409957697664,0.00746311997469866,0.00662703174732582,0
"102",0.0310752553505873,0.0164801346481959,0.0243251785843338,0.622689019346302,0.622689287407127,0.0243251929981006,0.0164801219747228,0,0.00776881470239396,0.00412003324515113,0.00608129506298128,0.186747482515254,0.186747562434203,0.00608130001553273,0.00412002965988503,0,0.00776881297289967,0.0041200340789468,0.00608129422918561,0.194516289434923,0.194516374677285,0.00608129648351756,0.00412003132747636,0,0.00776881470239396,0.00412003324515113,0.00608129506298128,0.186747482515254,0.186747562434203,0.00608130001553273,0.00412002965988503,0,0.00776881297289967,0.0041200340789468,0.00608129422918561,0.054677764880871,0.0546777878614363,0.00608129648351756,0.00412003132747636,0,0
"104",0.0138624324181326,0.00735166132103956,0.0108512750862387,0.617406074360574,0.617406345157215,0.0108512815161092,0.00735165566750069,0,0.00519841292831382,0.00245055340173002,0.00420036149935749,0.249787751866183,0.247922963034085,0.0027128211668297,0.00183791354492534,0,0.00519841138528561,0.00183791551623481,0.00271281858558475,0.208068396376532,0.209933386407421,0.00420036182448163,0.00245055263306657,0,0.00173280405226657,0.00122527688683993,0.00122527641571169,0.0866401254619173,0.0885050612048571,0.0027128211668297,0.00183791354492534,0,0.00173280405226657,0.00183791551623481,0.00271281858558475,0.0729098006559408,0.0710449345108517,0.00122527735796817,0.00122527594458345,0,0
"105",0.400000217141256,0.282842725438604,0.282842616683434,0.399999860948861,0.400000039045064,0.282842834193773,0.282842507928265,0,0.100000054285314,0.0707106813596509,0.0707106541708586,0.0999999652372153,0.100000009761266,0.0707107085484432,0.0707106269820663,0,0.100000054285314,0.0707106813596509,0.0707106541708586,0.0999999652372153,0.100000009761266,0.0707107085484432,0.0707106269820663,0,0.100000054285314,0.0707106813596509,0.0707106541708586,0.0999999652372153,0.100000009761266,0.0707107085484432,0.0707106269820663,0,0.100000054285314,0.0707106813596509,0.0707106541708586,0.0999999652372153,0.100000009761266,0.0707107085484432,0.0707106269820663,0,1
"106",0.771506934244257,0.388078809227224,0.130091662595428,0.0636007161467774,0.063600728163127,0.0723084172291201,0.082258444429897,0.0257754282747994,0.0954435248882069,0.0612118007845218,0.0115566629208122,0.00653743452609496,0.00653743743682663,0.0115566711064255,0.0115566549690005,0,0.220843139187249,0.0908312436559448,0.0346699817460639,0.0196123035782849,0.0196123123104799,0.0115566654933273,0.01815825142688,0.0140715967859089,0.262463818354832,0.125873617256738,0.0630630305648435,0.0309135435163026,0.0309135409789939,0.0330157444482306,0.0363642177095568,0.0117038314888905,0.192756451813969,0.110162147530019,0.0208019873637088,0.00653743452609496,0.00653743743682663,0.0161793361811368,0.0161793203244597,0,1
"107",0.0352060191456571,0.135081785885643,0.523924475945542,0.647384265204734,0.117981537869349,0.0495740166983388,0.0450272258055252,0.00323052348483314,0.00300169979211327,0.0021225212231572,0.00212252040703172,0.00300169711915812,0.00300169845563574,0.00212252203928268,0.00212251959090625,0,0.0137364731674634,0.0397209569326821,0.120199998454592,0.147125127621376,0.0319754835543255,0.0125825023591568,0.0110669175055919,0.00323052348483314,0.0154661463939672,0.0560941834251091,0.253579564974909,0.317444416020344,0.0559890697586662,0.0253176437674481,0.0222864499056281,0,0.00300169979211327,0.0371441243046948,0.148022392109009,0.179813024443854,0.0270152861007216,0.00955134853245125,0.00955133880339893,0,0
"109",0.0252932307158833,0.00859823491564754,0.00711866585068098,0.00953143390837728,0.181693965995218,0.643689630404954,0.529100081677326,0.0108041670387008,0.00792506853833263,0.00235641272906505,0.00235641297549401,0.00306453074548155,0.0992357656164679,0.254575712574425,0.180781670863822,0,0.0038884290824722,0.000687383301452544,0.000687383037148461,0.000972106404975477,0.0288577163648251,0.114619108781054,0.0969209791302963,0,0.00097210727061805,0.000687383301452544,0.000687383037148461,0.000972106404975477,0.000972106837796777,0.000687383565756628,0.000687382772844378,0,0.0125076258244604,0.00486705558367741,0.00338748680089004,0.00452269035294477,0.0526283771761279,0.273807425483714,0.250710048910363,0.0108041670387008,0
"110",0.0249010887476825,0.0564312833715567,0.146271588375403,0.614945478913484,0.554200851514138,0.0976718705288226,0.0517839121053333,0.0100451601127008,0.00377658042538165,0.00683538877170241,0.0149001652059248,0.0775241932221333,0.0659455189068701,0.00494606826550798,0.00391253990063455,0.00109991207028573,0.00793563046367334,0.017541226358651,0.052076771420188,0.293547883387118,0.288429144123642,0.0472074998162513,0.0205437343567982,0.00373970103897148,0.0122534929786852,0.0303616015111124,0.0759503342114971,0.221635457663925,0.178688148066602,0.0428345316932208,0.02588230910197,0.0052055470034436,0.00093538487994228,0.00169306673009097,0.00334431753779187,0.0222379446403129,0.0211380404170172,0.00268377075384235,0.00144532874593003,0,0
"114",0.0189142483621048,0.0159285111289641,0.0181555760456972,0.606996156919132,0.614117069354193,0.0191569844097317,0.0169459987447354,0.00394832538508431,0.00220542663334134,0.00545814855115828,0.00657168321307429,0.101617659068073,0.0992441543128494,0.00155947195238749,0.00155947015350186,0,0.00441085277571032,0.00155947135275895,0.0015594707531304,0.0507247673973941,0.0530983392071169,0.0034527415665445,0.00233920570365201,0,0.00788711617734286,0.00579194804612979,0.00467841225939121,0.288910631698202,0.298404954057278,0.0106920293242552,0.0107081171839296,0.00394832538508431,0.00441085277571032,0.0031189431789171,0.00534600982010129,0.165743098755463,0.163369621776949,0.0034527415665445,0.00233920570365201,0,0
"117",0.400000217141256,0.282842725438604,0.282842616683434,0.399999860948861,0.400000039045064,0.282842834193773,0.282842507928265,0,0.100000054285314,0.0707106813596509,0.0707106541708586,0.0999999652372153,0.100000009761266,0.0707107085484432,0.0707106269820663,0,0.100000054285314,0.0707106813596509,0.0707106541708586,0.0999999652372153,0.100000009761266,0.0707107085484432,0.0707106269820663,0,0.100000054285314,0.0707106813596509,0.0707106541708586,0.0999999652372153,0.100000009761266,0.0707107085484432,0.0707106269820663,0,0.100000054285314,0.0707106813596509,0.0707106541708586,0.0999999652372153,0.100000009761266,0.0707107085484432,0.0707106269820663,0,0
"118",0.313868838796989,0.27938912813573,0.277921536702059,0.334427446828493,0.393484288010921,0.339838658172507,0.280124385961948,0.0974705405696875,0.0752453286797519,0.0633166176156547,0.0632965480425669,0.0876498793455657,0.111278284010165,0.0870805415004437,0.0690255587077948,0.0206712682140394,0.00274763599007388,0.00194287107517056,0.00194287032812193,0.0027476335433576,0.00274763476671577,0.0019428718222192,0.00194286958107329,0,0.0735047230158282,0.0741589201931034,0.0685896488477539,0.0630903786958952,0.0808045949645176,0.0798846997002208,0.0617895765840828,0.0246235138416683,0.162371151111335,0.139970719251801,0.144092469483616,0.180939555243674,0.198653774269524,0.170930545149623,0.147366381088998,0.0521757585139799,0
"119",0.261446507308948,0.270601680987835,0.281136983793986,0.328562096466358,0.285328191649238,0.284389379782123,0.326721669483832,0.176458109947117,0.00523541465363141,0.00370199536394597,0.00370199394050072,0.00523540999159673,0.00523541232261414,0.00370199678739121,0.00370199251705548,0,0.042681525416051,0.058965717096218,0.0668958932487653,0.0857620927721478,0.0951349630023132,0.0738057256935944,0.065875500916935,0.0206418793471538,0.0108699321897894,0.00819638676846094,0.00555299147264717,0.00523540999159673,0.00523541232261414,0.00555299630487898,0.00819638197805485,0.00563451749433229,0.202659635049476,0.19973758175921,0.204986105132072,0.232329183711016,0.179722404001697,0.201328660996258,0.248947794071786,0.150181713105631,0
"120",0.0898447490462778,0.0612340979877632,0.0620560069069365,0.0891149612113011,0.107585233571564,0.349282349678386,0.605023681601715,0.407201506124112,0.0264565481320446,0.0240326731113728,0.0264186829496249,0.0330083280644258,0.0436480902731159,0.187317658396697,0.312830761978385,0.194648170419205,0.015631379635669,0.0143512954172856,0.00882569261772467,0.0140415905491822,0.0201929746801784,0.026250492317531,0.0286023163225265,0.0151120137151834,0.00156017811699511,0.00110321197806933,0.00110321155387597,0.00156017672768691,0.00156017742234103,0.00165481893828936,0.00165481635962858,0,0.0461966431615693,0.0217469174810355,0.0257084197857109,0.0405048658700062,0.0421839911959292,0.13405938002587,0.261935786941175,0.197441321989725,0
"122",0.0321817781084082,0.0140649335626109,0.014064929767982,0.0361790770356195,0.0361790915685698,0.223699843162056,0.582922256933398,0.546057715614531,0.0147584465519471,0.00491256386795509,0.00491256334090281,0.0127597715213518,0.0127597767345685,0.109023383233427,0.253880482659966,0.236033875270274,0.00133244293562895,0.000942178967046956,0.00094217860477201,0.00199866262367174,0.00199866351355761,0.00942179108485799,0.0296434712538901,0.0296180025386705,0.00133244293562895,0.000942178967046956,0.00094217860477201,0.0013324417491145,0.00133244234237174,0.00376871911308804,0.00714223646360717,0.00381945750925961,0.0147584456852033,0.00726801176056186,0.00726800921753522,0.0200882011414815,0.0200882089780719,0.101485949730684,0.292256066555938,0.276586380296324,0
