"","V2","V3","V4","V5","V6","V7","V8","V9","V10","V11","V12","V13","V14","V15","V16","V17","V18","V19","V20","V21","V22","V23","V24","V25","V26","V27","V28","V29","V30","V31","V32","V33","V34","V35","V36","V37","V38","V39","V40","V41","V42","V43","V44","V45","V46","V47","V48","V49","V50","V51","V52","V53","V54","V55","V56","V57","V58","V59","V60","V61","Class"
"1",5.85428034736159,0.0636389141798186,5.85624822393199,0.0636603059685185,5.85624822393199,0.0636603059685185,5.85428034736159,0.0636389141798186,5.85624822393199,0.0636603059685185,5.85624822393199,0.0636603059685185,6.05010750097513,0.0657676519039198,6.05214120351297,0.0657897592533456,6.05214120351297,0.0657897592533456,6.05010750097514,0.0657676519039197,6.05214120351297,0.0657897592533456,6.05214120351297,0.0657897592533456,6.04451347057047,0.065706842034949,6.04654529271293,0.0657289289435504,6.04654529271293,0.0657289289435504,6.04451347057047,0.065706842034949,6.04654529271293,0.0657289289435504,6.04654529271293,0.0657289289435504,6.02866305956944,0.0655345402513713,6.03068955370394,0.0655565692418986,6.03068955370394,0.0655565692418986,6.02866305956944,0.0655345402513713,6.03068955370394,0.0655565692418986,6.03068955370394,0.0655565692418986,5.98360400312661,0.0650447260887688,5.98561535096543,0.0650665904315924,5.98561535096543,0.0650665904315924,5.98360400312661,0.0650447260887689,5.98561535096543,0.0650665904315924,5.98561535096543,0.0650665904315924,0
"2",5.81012964625608,0.0456121294135212,5.81208268186823,0.0456274616209786,5.81208268186823,0.0456274616209786,5.81012964625608,0.0456121294135212,5.81208268186823,0.0456274616209786,5.81208268186823,0.0456274616209786,6.00447994778628,0.0471378666422362,6.0064983129321,0.0471537117158983,6.0064983129321,0.0471537117158983,6.00447994778628,0.0471378666422362,6.0064983129321,0.0471537117158983,6.0064983129321,0.0471537117158983,5.9989281053791,0.0470942821837511,6.00094460431065,0.0471101126067949,6.00094460431065,0.0471101126067949,5.9989281053791,0.0470942821837511,6.00094460431065,0.0471101126067949,6.00094460431065,0.0471101126067949,5.98319723200127,0.0469707877566068,5.98520844310671,0.0469865766678362,5.98520844310671,0.0469865766678362,5.98319723200127,0.0469707877566068,5.98520844310671,0.0469865766678362,5.98520844310671,0.0469865766678362,5.93847799340371,0.0466197216320324,5.9404741724409,0.0466353925347693,5.9404741724409,0.0466353925347693,5.93847799340371,0.0466197216320324,5.9404741724409,0.0466353925347693,5.9404741724409,0.0466353925347694,0
"5",6.2090117442723,0.0315799773890859,6.21109886139208,0.0315905927839612,6.21109886139208,0.0315905927839612,6.2090117442723,0.0315799773890859,6.21109886139208,0.0315905927839612,6.21109886139208,0.0315905927839612,6.41670475254818,0.0326363355947661,6.41886168426184,0.0326473060772762,6.41886168426184,0.0326473060772762,6.41670475254818,0.0326363355947661,6.41886168426184,0.0326473060772762,6.41886168426184,0.0326473060772762,6.4107717602042,0.0326061594939964,6.41292669758288,0.0326171198330146,6.41292669758288,0.0326171198330146,6.4107717602042,0.0326061594939964,6.41292669758288,0.0326171198330146,6.41292669758288,0.0326171198330146,6.3939609171599,0.0325206569913276,6.39611020368771,0.0325315885892618,6.39611020368771,0.0325315885892618,6.3939609171599,0.0325206569913276,6.39611020368771,0.0325315885892618,6.39611020368771,0.0325315885892618,6.3461715743134,0.0322775931304944,6.34830479677837,0.0322884430241618,6.34830479677837,0.0322884430241618,6.3461715743134,0.0322775931304944,6.34830479677837,0.0322884430241618,6.34830479677837,0.0322884430241618,0
"8",8.09322001378801,0.0280412586725602,8.09594049471804,0.0280506845511782,8.09594049471804,0.0280506845511782,8.09322001378801,0.0280412586725602,8.09594049471804,0.0280506845511782,8.09594049471804,0.0280506845511784,8.36394026373006,0.0289792458449824,8.36675174543312,0.0289889870216164,8.36675174543312,0.0289889870216164,8.36394026373006,0.0289792458449824,8.36675174543312,0.0289889870216164,8.36675174543312,0.0289889870216164,8.35620682492242,0.0289524511504527,8.35901570708258,0.0289621833202321,8.35901570708258,0.0289621833202321,8.35620682492242,0.0289524511504527,8.35901570708258,0.0289621833202321,8.35901570708258,0.0289621833202321,8.33429450505919,0.0288765296966487,8.33709602154183,0.0288862363459475,8.33709602154183,0.0288862363459475,8.33429450505919,0.0288765296966487,8.33709602154183,0.0288862363459474,8.33709602154183,0.0288862363459474,8.27200284224712,0.0286607025441584,8.2747834198105,0.0286703366446254,8.2747834198105,0.0286703366446254,8.27200284224712,0.0286607025441584,8.2747834198105,0.0286703366446254,8.2747834198105,0.0286703366446254,0
"10",8.98506904497942,0.0669438584120848,8.98808931490293,0.0669663611353396,8.98808931490295,0.0669663611353394,8.98506904497942,0.0669438584120848,8.98808931490295,0.0669663611353394,8.98808931490294,0.0669663611353395,9.28562186986986,0.0691831473540043,9.28874316858375,0.0692064027990252,9.28874316858375,0.0692064027990252,9.28562186986986,0.0691831473540043,9.28874316858375,0.0692064027990252,9.28874316858375,0.0692064027990252,9.27703622886128,0.0691191794609173,9.28015464157026,0.0691424134035651,9.28015464157026,0.0691424134035651,9.27703622886128,0.0691191794609173,9.28015464157026,0.0691424134035651,9.28015464157026,0.0691424134035651,9.25270923582623,0.0689379295707745,9.2558194711817,0.0689611025875026,9.2558194711817,0.0689611025875026,9.25270923582623,0.0689379295707745,9.2558194711817,0.0689611025875026,9.2558194711817,0.0689611025875026,9.18355321506571,0.0684226780085479,9.18664020409471,0.0684456778269625,9.18664020409471,0.0684456778269625,9.18355321506571,0.0684226780085479,9.18664020409471,0.0684456778269625,9.18664020409471,0.0684456778269625,0
"11",8.78013826935786,0.0488519729099538,8.78308965319329,0.048868394168794,8.78308965319329,0.048868394168794,8.78013826935786,0.0488519729099538,8.78308965319329,0.048868394168794,8.78308965319329,0.0488683941687939,9.07383610813601,0.0504860837204616,9.07688621650484,0.0505030542745506,9.07688621650484,0.0505030542745506,9.07383610813601,0.0504860837204616,9.07688621650484,0.0505030542745506,9.07688621650484,0.0505030542745506,9.06544628777864,0.050439403444566,9.06849357596653,0.0504563583073942,9.06849357596653,0.0504563583073943,9.06544628777864,0.050439403444566,9.06849357596653,0.0504563583073942,9.06849357596653,0.0504563583073942,9.04167414296188,0.0503071371705077,9.04471344030465,0.0503240475729284,9.04471344030465,0.0503240475729284,9.04167414296188,0.0503071371705076,9.04471344030465,0.0503240475729284,9.04471344030465,0.0503240475729284,8.9740954274956,0.0499311347117791,8.97711200871219,0.0499479187235284,8.97711200871219,0.0499479187235284,8.9740954274956,0.0499311347117791,8.97711200871219,0.0499479187235284,8.97711200871219,0.0499479187235284,0
"12",7.47409668378338,0.0205588930303699,7.47660905061177,0.0205658037626054,7.47660905061177,0.0205658037626054,7.47409668378338,0.0205588930303699,7.47660905061177,0.0205658037626054,7.47660905061177,0.0205658037626054,7.72410710224196,0.0212465931855909,7.72670350837426,0.0212537350835611,7.72670350837426,0.0212537350835611,7.72410710224196,0.0212465931855908,7.72670350837426,0.0212537350835611,7.72670350837426,0.0212537350835611,7.71696526385779,0.0212269482308097,7.71955926930942,0.0212340835252641,7.71955926930942,0.0212340835252641,7.71696526385779,0.0212269482308097,7.71955926930942,0.0212340835252641,7.71955926930942,0.0212340835252641,7.69672921480134,0.0211712852141923,7.69931641804264,0.0211784017979001,7.69931641804264,0.0211784017979001,7.69672921480134,0.0211712852141923,7.69931641804266,0.0211784017979,7.69931641804266,0.0211784017979,7.63920280261213,0.0210130481181718,7.64177066874082,0.0210201115115547,7.64177066874082,0.0210201115115547,7.63920280261213,0.0210130481181718,7.64177066874082,0.0210201115115547,7.64177066874082,0.0210201115115547,0
"15",5.23076981325337,0.0356861191082071,5.23252810099328,0.0356981147547273,5.23252810099328,0.0356981147547273,5.23076981325337,0.0356861191082071,5.23252810099328,0.0356981147547273,5.23252810099328,0.0356981147547273,5.40574038230017,0.0368798287896415,5.40755748520831,0.036892225693562,5.40755748520831,0.036892225693562,5.40574038230017,0.0368798287896415,5.40755748520831,0.036892225693562,5.40755748520831,0.036892225693562,5.40074214449138,0.0368457290842169,5.40255756727583,0.0368581145257538,5.40255756727583,0.0368581145257538,5.40074214449138,0.0368457290842168,5.40255756727583,0.0368581145257538,5.40255756727583,0.0368581145257538,5.38657988261253,0.0367491092400449,5.38839054484884,0.0367614622034775,5.38839054484884,0.0367614622034775,5.38657988261253,0.0367491092400449,5.38839054484884,0.0367614622034775,5.38839054484884,0.0367614622034775,5.34631984409879,0.0364744413458355,5.34811697319667,0.0364867019815225,5.34811697319667,0.0364867019815225,5.34631984409879,0.0364744413458355,5.34811697319667,0.0364867019815225,5.34811697319667,0.0364867019815225,1
"17",6.03089048172845,0.0512391710705824,6.03291772459577,0.0512563947698684,6.03291772459577,0.0512563947698684,6.03089048172845,0.0512391710705824,6.03291772459577,0.0512563947698684,6.03291772459577,0.0512563947698684,6.23262528886395,0.0529531342614282,6.2347203435163,0.0529709340977977,6.2347203435163,0.0529709340977977,6.23262528886395,0.0529531342614282,6.2347203435163,0.0529709340977977,6.2347203435163,0.0529709340977977,6.22686249946532,0.052904172909414,6.22895561699522,0.0529219562877573,6.22895561699522,0.0529219562877573,6.22686249946532,0.052904172909414,6.22895561699522,0.0529219562877573,6.22895561699522,0.0529219562877573,6.21053391812556,0.0527654433179635,6.21262154691371,0.0527831800632978,6.21262154691371,0.0527831800632978,6.21053391812556,0.0527654433179635,6.21262154691371,0.0527831800632978,6.21262154691371,0.0527831800632978,6.16411553388487,0.0523710671411569,6.1661875594485,0.0523886713196178,6.16618755944851,0.0523886713196178,6.16411553388487,0.0523710671411569,6.16618755944851,0.0523886713196178,6.1661875594485,0.0523886713196178,0
"19",5.67682027602742,0.0371759194023085,5.67872850060032,0.0371884158350783,5.67872850060033,0.0371884158350783,5.67682027602741,0.0371759194023085,5.67872850060033,0.0371884158350783,5.67872850060033,0.0371884158350783,5.86671134551324,0.0384194632791918,5.86868340067927,0.0384323777207889,5.86868340067927,0.0384323777207889,5.86671134551324,0.0384194632791918,5.86868340067927,0.0384323777207889,5.86868340067927,0.0384323777207889,5.86128688625576,0.0383839400020138,5.86325711802669,0.0383968425027018,5.86325711802669,0.0383968425027018,5.86128688625576,0.0383839400020138,5.86325711802669,0.0383968425027016,5.86325711802669,0.0383968425027018,5.84591694679014,0.0382832865370436,5.8478820120602,0.0382961552037527,5.8478820120602,0.0382961552037527,5.84591694679014,0.0382832865370435,5.8478820120602,0.0382961552037527,5.8478820120602,0.0382961552037528,5.8022237599156,0.0379971519908197,5.80417413801776,0.0380099244753448,5.80417413801776,0.0380099244753448,5.8022237599156,0.0379971519908197,5.80417413801776,0.0380099244753448,5.80417413801776,0.0380099244753448,0
"22",5.97856526324614,0.0725203661731077,5.98057491734675,0.0725447434015632,5.98057491734675,0.0725447434015631,5.97856526324614,0.0725203661731077,5.98057491734675,0.0725447434015632,5.98057491734675,0.0725447434015632,6.17854977863103,0.0749461907055961,6.18062665616799,0.0749713833584894,6.18062665616799,0.0749713833584894,6.17854977863104,0.0749461907055961,6.18062665616799,0.0749713833584894,6.18062665616799,0.0749713833584894,6.17283698835204,0.074876894206409,6.17491194557339,0.074902063565754,6.17491194557339,0.074902063565754,6.17283698835204,0.074876894206409,6.1749119455734,0.074902063565754,6.17491194557339,0.074902063565754,6.15665007706723,0.0746805459720253,6.15871959316827,0.0747056493302461,6.15871959316827,0.0747056493302461,6.15665007706723,0.0746805459720253,6.15871959316827,0.0747056493302461,6.15871959316827,0.0747056493302461,6.11063442806184,0.0741223733054023,6.11268847631505,0.074147289037673,6.11268847631505,0.0741472890376729,6.11063442806184,0.0741223733054023,6.11268847631505,0.0741472890376729,6.11268847631505,0.0741472890376729,0
"24",6.59082431554275,0.0501335023757397,6.5930397763647,0.0501503544120043,6.5930397763647,0.0501503544120043,6.59082431554274,0.0501335023757397,6.5930397763647,0.0501503544120043,6.5930397763647,0.0501503544120043,6.81128905059109,0.0518104806699797,6.81357861913609,0.0518278964111064,6.81357861913609,0.0518278964111064,6.81128905059109,0.0518104806699797,6.81357861913609,0.0518278964111064,6.81357861913609,0.0518278964111065,6.80499121901737,0.0517625758345527,6.80727867058918,0.051779975472793,6.80727867058918,0.051779975472793,6.80499121901737,0.0517625758345527,6.80727867058918,0.051779975472793,6.80727867058918,0.051779975472793,6.78714662189547,0.051626839831077,6.78942807512708,0.0516441938425832,6.78942807512708,0.0516441938425832,6.78714662189547,0.051626839831077,6.78942807512709,0.0516441938425829,6.78942807512709,0.0516441938425829,6.73641855504229,0.0512409737332498,6.73868295637879,0.0512581980384882,6.73868295637879,0.0512581980384882,6.73641855504229,0.0512409737332498,6.73868295637879,0.0512581980384882,6.73868295637879,0.0512581980384882,0
"25",6.04997510619338,0.0345665183142906,6.05200876422759,0.0345781376146106,6.05200876422759,0.0345781376146106,6.04997510619338,0.0345665183142907,6.05200876422759,0.0345781376146106,6.05200876422759,0.0345781376146106,6.25234829882886,0.0357227770668921,6.25444998323707,0.0357347850357366,6.25444998323707,0.0357347850357366,6.25234829882887,0.0357227770668921,6.25444998323707,0.0357347850357366,6.25444998323707,0.0357347850357366,6.246567273206,0.0356897471908081,6.24866701436171,0.0357017440568845,6.24866701436172,0.0357017440568844,6.246567273206,0.0356897471908081,6.24866701436172,0.0357017440568844,6.24866701436171,0.0357017440568844,6.23018702041842,0.0355961586556423,6.23228125546337,0.035608124062569,6.23228125546337,0.035608124062569,6.23018702041842,0.0355961586556421,6.23228125546337,0.035608124062569,6.23228125546337,0.035608124062569,6.18362174618949,0.0353301080725931,6.18570032863393,0.0353419840484226,6.18570032863394,0.0353419840484226,6.18362174618949,0.0353301080725931,6.18570032863394,0.0353419840484226,6.18570032863394,0.0353419840484226,0
"26",5.85412069200045,0.0245772528054422,5.85608851490375,0.0245855142820192,5.85608851490375,0.0245855142820192,5.85412069200045,0.0245772528054422,5.85608851490375,0.0245855142820192,5.85608851490375,0.0245855142820192,6.04994250510192,0.0253993681082566,6.05197615217756,0.0254079059333072,6.05197615217756,0.0254079059333072,6.04994250510193,0.0253993681082566,6.05197615217756,0.0254079059333072,6.05197615217756,0.0254079059333072,6.04434862725517,0.02537588342845,6.04638039398686,0.0253844133592841,6.04638039398686,0.0253844133592841,6.04434862725517,0.02537588342845,6.04638039398686,0.0253844133592841,6.04638039398686,0.0253844133592841,6.02849864851965,0.0253093407391468,6.03052508738847,0.0253178483021092,6.03052508738847,0.0253178483021092,6.02849864851965,0.0253093407391468,6.03052508738847,0.0253178483021092,6.03052508738847,0.0253178483021092,5.98344082090762,0.0251201752472919,5.98545211389386,0.0251286192235583,5.98545211389386,0.0251286192235583,5.98344082090762,0.0251201752472919,5.98545211389386,0.0251286192235583,5.98545211389386,0.0251286192235583,0
"27",5.70548155080167,0.0440564032118996,5.7073994096674,0.0440712124725626,5.7073994096674,0.0440712124725626,5.70548155080167,0.0440564032118996,5.7073994096674,0.0440712124725626,5.7073994096674,0.0440712124725626,5.89633134715479,0.0455301010069377,5.89831335888314,0.0455454056411031,5.89831335888314,0.045545405641103,5.8963313471548,0.0455301010069376,5.89831335888314,0.045545405641103,5.89831335888314,0.045545405641103,5.89087950074932,0.0454880031154007,5.89285967987646,0.0455032935986468,5.89285967987646,0.0455032935986468,5.89087950074932,0.0454880031154007,5.89285967987646,0.0455032935986468,5.89285967987646,0.0455032935986468,5.87543196114185,0.0453687208028523,5.87740694768352,0.0453839711901591,5.87740694768352,0.0453839711901591,5.87543196114185,0.0453687208028522,5.87740694768352,0.0453839711901591,5.87740694768352,0.0453839711901591,5.83151817499273,0.0450296287469204,5.83347840021353,0.0450447651507359,5.83347840021353,0.0450447651507359,5.83151817499273,0.0450296287469203,5.83347840021353,0.0450447651507359,5.83347840021353,0.0450447651507359,0
"28",5.97116982041627,0.0374521556358003,5.97317698858899,0.0374647449235032,5.97317698858899,0.0374647449235032,5.97116982041627,0.0374521556358003,5.97317698858899,0.0374647449235032,5.97317698858899,0.0374647449235032,6.17090695637396,0.038704939684339,6.17298126482813,0.03871795008689,6.17298126482813,0.03871795008689,6.17090695637397,0.038704939684339,6.17298126482813,0.03871795008689,6.17298126482813,0.03871795008689,6.16520123277601,0.0386691524509104,6.16727362328993,0.0386821508238265,6.16727362328993,0.0386821508238265,6.16520123277601,0.0386691524509104,6.16727362328993,0.0386821508238265,6.16727362328993,0.0386821508238265,6.14903434458569,0.0385677510788403,6.15110130070995,0.0385807153663737,6.15110130070995,0.0385807153663737,6.14903434458569,0.0385677510788403,6.15110130070995,0.0385807153663737,6.15110130070995,0.0385807153663737,6.1030756166117,0.0382794904055277,6.10512712402179,0.0382923577961936,6.10512712402179,0.0382923577961936,6.1030756166117,0.0382794904055277,6.10512712402179,0.0382923577961936,6.10512712402179,0.0382923577961936,0
"29",5.57833953440248,0.0757465026658558,5.58021465534311,0.0757719643381781,5.58021465534311,0.0757719643381781,5.57833953440248,0.0757465026658558,5.58021465534311,0.0757719643381781,5.58021465534311,0.0757719643381781,5.76493639825175,0.0782802422774074,5.76687424246061,0.0783065556490877,5.76687424246061,0.0783065556490877,5.76493639825175,0.0782802422774074,5.76687424246061,0.0783065556490877,5.76687424246061,0.0783065556490877,5.75960604180974,0.078207863058474,5.76154209425538,0.0782341521003724,5.76154209425538,0.0782341521003724,5.75960604180974,0.078207863058474,5.76154209425538,0.0782341521003724,5.76154209425538,0.0782341521003724,5.74450273805974,0.0780027800887643,5.74643371363251,0.0780290001934153,5.74643371363251,0.0780290001934153,5.74450273805974,0.0780027800887643,5.74643371363251,0.0780290001934153,5.74643371363251,0.0780290001934153,5.70156753492227,0.0774197765876593,5.70348407811817,0.0774458007196434,5.70348407811817,0.0774458007196434,5.70156753492227,0.0774197765876593,5.70348407811817,0.0774458007196434,5.70348407811817,0.0774458007196434,0
"30",5.68515258310123,0.0529806011963193,5.68706360852256,0.0529984102655124,5.68706360852256,0.0529984102655124,5.68515258310123,0.0529806011963196,5.68706360852256,0.0529984102655124,5.68706360852256,0.0529984102655124,5.87532237035939,0.054752815663925,5.87729732006291,0.0547712204509725,5.87729732006291,0.0547712204509724,5.8753223703594,0.0547528156639249,5.87729732006291,0.0547712204509724,5.87729732006291,0.0547712204509724,5.86988994920461,0.0547021902964393,5.8718630728366,0.0547205780661135,5.8718630728366,0.0547205780661135,5.86988994920461,0.0547021902964393,5.8718630728366,0.0547205780661135,5.8718630728366,0.0547205780661135,5.85449745009297,0.0545587457987009,5.85646539964098,0.0545770853504818,5.85646539964098,0.0545770853504818,5.85449745009297,0.0545587457987009,5.85646539964098,0.0545770853504818,5.85646539964098,0.0545770853504818,5.81074013135728,0.0541509662326346,5.81269337217982,0.0541691687120843,5.81269337217982,0.0541691687120843,5.81074013135728,0.0541509662326346,5.81269337217982,0.0541691687120843,5.81269337217982,0.0541691687120843,0
"31",5.05876643202845,0.0252023582520232,5.06046690200019,0.025210829853549,5.06046690200019,0.025210829853549,5.05876643202845,0.0252023582520232,5.06046690200019,0.025210829853549,5.06046690200019,0.025210829853549,5.22798344460739,0.0260453834896279,5.22974079572841,0.0260541384683611,5.22974079572841,0.0260541384683611,5.22798344460739,0.0260453834896279,5.22974079572841,0.0260541384683611,5.22974079572841,0.0260541384683611,5.22314956383095,0.0260213014932146,5.2249052900757,0.0260300483769479,5.2249052900757,0.0260300483769479,5.22314956383095,0.0260213014932146,5.2249052900757,0.0260300483769479,5.2249052900757,0.0260300483769479,5.20945299954838,0.025953066336579,5.21120412178614,0.0259617902835275,5.21120412178614,0.0259617902835275,5.20945299954838,0.025953066336579,5.21120412178614,0.0259617902835275,5.21120412178614,0.0259617902835275,5.17051683170758,0.025759089551118,5.17225486581706,0.025767748294088,5.17225486581706,0.025767748294088,5.17051683170758,0.025759089551118,5.17225486581706,0.025767748294088,5.17225486581706,0.025767748294088,1
"32",5.83598615306881,0.074747026708053,5.83794788017009,0.0747721524133215,5.83794788017009,0.0747721524133215,5.83598615306881,0.074747026708053,5.83794788017009,0.0747721524133215,5.83794788017009,0.0747721524133215,6.03120136127089,0.0772473335968263,6.03322870863831,0.0772732997632708,6.03322870863831,0.0772732997632708,6.03120136127089,0.0772473335968263,6.03322870863831,0.0772732997632708,6.03322870863831,0.0772732997632708,6.02562481179866,0.0771759094225035,6.02765028464676,0.0772018515801972,6.02765028464676,0.0772018515801972,6.02562481179866,0.0771759094225035,6.02765028464676,0.0772018515801972,6.02765028464676,0.0772018515801972,6.0098239321629,0.0769735325248947,6.01184409365272,0.0769994066549688,6.01184409365272,0.0769994066549688,6.0098239321629,0.0769735325248947,6.01184409365272,0.0769994066549688,6.01184409365272,0.0769994066549688,5.96490568194806,0.0763982217615688,5.96691074447325,0.0764239025048375,5.96691074447325,0.0764239025048375,5.96490568194806,0.0763982217615688,5.96691074447325,0.0764239025048375,5.96691074447325,0.0764239025048375,0
"34",4.56672615346958,0.0149324507929848,4.56826122744416,0.0149374702348817,4.56826122744416,0.0149374702348817,4.56672615346959,0.0149324507929848,4.56826122744416,0.0149374702348817,4.56826122744416,0.0149374702348817,4.71948429467646,0.0154319450368125,4.72107071726245,0.0154371323803072,4.72107071726245,0.0154371323803072,4.71948429467646,0.0154319450368125,4.72107071726245,0.0154371323803072,4.72107071726245,0.0154371323803072,4.71512058070369,0.0154176764027882,4.71670553645668,0.0154228589499807,4.71670553645668,0.0154228589499807,4.71512058070369,0.0154176764027882,4.71670553645668,0.0154228589499807,4.71670553645668,0.0154228589499807,4.70275621101741,0.0153772469275533,4.70433701057168,0.0153824158846504,4.70433701057168,0.0153824158846504,4.70275621101741,0.0153772469275533,4.70433701057168,0.0153824158846504,4.70433701057168,0.0153824158846504,4.66760716462766,0.01526231527017,4.6691761490688,0.0152674455937709,4.6691761490688,0.0152674455937709,4.66760716462766,0.01526231527017,4.6691761490688,0.0152674455937709,4.6691761490688,0.0152674455937709,1
"36",4.80392696741354,0.0159739084201305,4.80554177483043,0.0159792779409338,4.80554177483043,0.0159792779409338,4.80392696741354,0.0159739084201305,4.80554177483043,0.0159792779409338,4.80554177483043,0.0159792779409338,4.96461953565048,0.0165082396841606,4.9662883587825,0.0165137888167895,4.9662883587825,0.0165137888167895,4.96461953565048,0.0165082396841606,4.9662883587825,0.0165137888167895,4.9662883587825,0.0165137888167895,4.96002916554123,0.0164929758901362,4.96169644565133,0.016498519891947,4.96169644565133,0.016498519891947,4.96002916554123,0.0164929758901362,4.96169644565133,0.016498519891947,4.96169644565133,0.016498519891947,4.94702257680023,0.0164497266778115,4.94868548483403,0.0164552561416914,4.94868548483403,0.0164552561416914,4.94702257680023,0.0164497266778115,4.94868548483403,0.0164552561416914,4.94868548483403,0.0164552561416914,4.91004785001432,0.0163267791593454,4.91169832924498,0.0163322672952512,4.91169832924498,0.0163322672952512,4.91004785001432,0.0163267791593454,4.91169832924498,0.0163322672952512,4.91169832924498,0.0163322672952512,1
"37",4.82272503586941,0.0139262497933204,4.8243461621293,0.0139309310075865,4.8243461621293,0.0139309310075865,4.82272503586942,0.0139262497933204,4.8243461621293,0.0139309310075865,4.8243461621293,0.0139309310075865,4.9840464042356,0.0143920863600235,4.98572175757754,0.0143969241620874,4.98572175757754,0.0143969241620874,4.9840464042356,0.0143920863600235,4.98572175757754,0.0143969241620874,4.98572175757754,0.0143969241620874,4.97943807171932,0.0143787791966927,4.98111187600143,0.0143836125256463,4.98111187600143,0.0143836125256463,4.97943807171932,0.0143787791966927,4.98111187600143,0.0143836125256463,4.98111187600143,0.0143836125256463,4.96638058737829,0.0143410740015483,4.96805000247589,0.0143458946561548,4.96805000247589,0.0143458946561548,4.96638058737829,0.0143410740015483,4.96805000247589,0.0143458946561548,4.96805000247589,0.0143458946561548,4.92926117616023,0.0142338868430531,4.93091811381999,0.0142386714674231,4.93091811381999,0.0142386714674232,4.92926117616023,0.0142338868430531,4.93091811381999,0.0142386714674231,4.93091811381999,0.0142386714674231,1
"39",8.08252988149374,0.0398142427691696,8.0852467690085,0.0398276260564168,8.0852467690085,0.0398276260564168,8.08252988149374,0.0398142427691696,8.0852467690085,0.0398276260564167,8.0852467690085,0.0398276260564167,8.35289254381533,0.0411460392278548,8.35570031190241,0.0411598701894348,8.35570031190241,0.0411598701894348,8.35289254381533,0.0411460392278548,8.35570031190241,0.0411598701894348,8.35570031190241,0.0411598701894348,8.34516931991401,0.0411079949130327,8.34797449189195,0.041121813086273,8.34797449189195,0.0411218130862731,8.34516931991401,0.0411079949130328,8.34797449189195,0.041121813086273,8.34797449189195,0.041121813086273,8.32328594348706,0.0410001982114505,8.32608375951654,0.0410139801495633,8.32608375951654,0.0410139801495632,8.32328594348706,0.0410001982114505,8.32608375951656,0.0410139801495628,8.32608375951656,0.0410139801495628,8.26107656017753,0.0406937570938889,8.26385346494538,0.0407074360239021,8.26385346494538,0.0407074360239021,8.26107656017753,0.0406937570938889,8.26385346494538,0.0407074360239021,8.26385346494538,0.0407074360239021,0
"40",7.30643664113096,0.0356944342123016,7.30889265017482,0.0357064326538901,7.30889265017483,0.0357064326538901,7.30643664113096,0.0356944342123016,7.30889265017483,0.0357064326538901,7.30889265017483,0.0357064326538901,7.55083878889191,0.0368884220360647,7.55337695205769,0.0369008218285474,7.55337695205769,0.0369008218285474,7.55083878889191,0.0368884220360647,7.55337695205769,0.0369008218285474,7.55337695205769,0.0369008218285474,7.54385715728298,0.0368543143851818,7.54639297362053,0.0368667027126111,7.54639297362053,0.0368667027126111,7.54385715728298,0.0368543143851818,7.54639297362053,0.0368667027126111,7.54639297362053,0.0368667027126111,7.52407504627309,0.0367576720279412,7.52660421298847,0.0367700278696979,7.52660421298847,0.0367700278696979,7.52407504627309,0.0367576720279412,7.52660421298847,0.0367700278696979,7.52660421298847,0.0367700278696979,7.46783907507348,0.0364829401342781,7.47034933844924,0.0364952036267742,7.47034933844924,0.0364952036267742,7.46783907507348,0.0364829401342781,7.47034933844924,0.0364952036267742,7.47034933844924,0.0364952036267742,0
"41",4.85772059300061,0.0176538089405306,4.85935348277929,0.0176597431484824,4.85935348277929,0.0176597431484825,4.8577205930006,0.0176538089405306,4.85935348277929,0.0176597431484825,4.85935348277929,0.0176597431484824,5.02021257157596,0.0182443333005088,5.02190008192939,0.0182504660092134,5.02190008192939,0.0182504660092134,5.02021257157596,0.0182443333005089,5.02190008192939,0.0182504660092134,5.02190008192939,0.0182504660092134,5.01557079921756,0.0182274642853417,5.01725674927055,0.0182335913236444,5.01725674927055,0.0182335913236444,5.01557079921756,0.0182274642853417,5.01725674927055,0.0182335913236444,5.01725674927055,0.0182335913236444,5.00241856472264,0.0181796667575779,5.00410009374152,0.0181857777290638,5.00410009374152,0.0181857777290638,5.00241856472264,0.0181796667575779,5.00410009374152,0.0181857777290638,5.00410009374152,0.0181857777290638,4.96502980070795,0.018043789429148,4.96669876174786,0.0180498547263917,4.96669876174786,0.0180498547263917,4.96502980070795,0.018043789429148,4.96669876174786,0.0180498547263917,4.96669876174786,0.0180498547263917,1
"42",4.65080892404055,0.0199913144893051,4.65237226186729,0.0199980344338685,4.65237226186729,0.0199980344338685,4.65080892404055,0.0199913144893051,4.65237226186729,0.0199980344338685,4.65237226186729,0.0199980344338685,4.80637965512217,0.0206600289992269,4.80799528699328,0.020666973727631,4.80799528699328,0.020666973727631,4.80637965512217,0.0206600289992269,4.80799528699328,0.020666973727631,4.80799528699328,0.020666973727631,4.80193559624835,0.0206409263914858,4.80354973427912,0.0206478646986802,4.80354973427912,0.0206478646986802,4.80193559624835,0.0206409263914858,4.80354973427912,0.0206478646986802,4.80354973427912,0.0206478646986802,4.78934357322253,0.020586800088626,4.79095347853043,0.0205937202016297,4.79095347853043,0.0205937202016297,4.78934357322253,0.020586800088626,4.79095347853044,0.0205937202016297,4.79095347853044,0.0205937202016297,4.75354736098487,0.0204329315147812,4.75514523363925,0.0204397999059082,4.75514523363925,0.0204397999059082,4.75354736098487,0.0204329315147812,4.75514523363925,0.0204397999059082,4.75514523363925,0.0204397999059082,0
"43",5.47652950196704,0.0253489836074169,5.47837040015687,0.0253575044960596,5.47837040015687,0.0253575044960596,5.47652950196704,0.0253489836074169,5.47837040015687,0.0253575044960596,5.47837040015687,0.0253575044960596,5.65972079456278,0.0261969135001276,5.66162327126118,0.0262057194146441,5.66162327126118,0.0262057194146441,5.65972079456278,0.0261969135001276,5.66162327126118,0.0262057194146441,5.66162327126118,0.0262057194146441,5.65448772222454,0.026172691396536,5.6563884398611,0.0261814891689581,5.6563884398611,0.0261814891689581,5.65448772222454,0.026172691396536,5.6563884398611,0.026181489168958,5.6563884398611,0.026181489168958,5.639660068215,0.0261040592530794,5.64155580163646,0.0261128339552713,5.64155580163646,0.0261128339552713,5.639660068215,0.0261040592530794,5.64155580163646,0.0261128339552713,5.64155580163646,0.0261128339552713,5.59750847360421,0.0259089539258043,5.59939003805356,0.0259176630446656,5.59939003805356,0.0259176630446656,5.59750847360421,0.0259089539258043,5.59939003805356,0.0259176630446656,5.59939003805356,0.0259176630446656,0
"44",5.88401077739242,0.0618386594383118,5.88598864764492,0.0618594460836097,5.88598864764492,0.0618594460836097,5.88401077739242,0.0618386594383118,5.88598864764492,0.0618594460836097,5.88598864764492,0.0618594460836097,6.08083242138622,0.063907178187425,6.08287645189734,0.0639286601512489,6.08287645189734,0.063928660151249,6.08083242138622,0.063907178187425,6.08287645189734,0.063928660151249,6.08287645189734,0.063928660151249,6.07520998220716,0.0638480885435137,6.07725212277357,0.0638695506447543,6.07725212277357,0.0638695506447543,6.07520998220716,0.0638480885435137,6.07725212277357,0.0638695506447543,6.07725212277357,0.0638695506447544,6.05927907633615,0.063680660933339,6.06131586183674,0.0637020667549264,6.06131586183673,0.0637020667549264,6.05927907633615,0.063680660933339,6.06131586183674,0.0637020667549264,6.06131586183674,0.0637020667549264,6.01399119157542,0.0632047029196039,6.01601275386118,0.0632259487511386,6.01601275386118,0.0632259487511387,6.01399119157542,0.0632047029196039,6.01601275386118,0.0632259487511387,6.01601275386118,0.0632259487511387,0
"45",5.22872406806634,0.026112069793917,5.23048166814291,0.0261208471887975,5.23048166814291,0.0261208471887975,5.22872406806634,0.026112069793917,5.23048166814291,0.0261208471887975,5.23048166814291,0.0261208471887975,5.40362620642081,0.0269855251119571,5.40544259866308,0.0269945961129098,5.40544259866308,0.0269945961129097,5.40362620642081,0.0269855251119571,5.40544259866308,0.0269945961129098,5.40544259866308,0.0269945961129098,5.3986299234144,0.0269605738449027,5.40044463618987,0.0269696364586584,5.40044463618987,0.0269696364586585,5.3986299234144,0.0269605738449028,5.40044463618987,0.0269696364586585,5.40044463618987,0.0269696364586585,5.38447320037203,0.0268898756525094,5.38628315446134,0.026898914501547,5.38628315446134,0.0268989145015471,5.38447320037203,0.0268898756525094,5.38628315446134,0.0268989145015471,5.38628315446134,0.0268989145015471,5.34422890749099,0.0266888970254423,5.34602533373473,0.0266978683168782,5.34602533373473,0.0266978683168782,5.34422890749099,0.0266888970254423,5.34602533373473,0.0266978683168782,5.34602533373473,0.0266978683168782,0
"47",4.70389612469618,0.0191364127563614,4.7054773074248,0.0191428453315143,4.7054773074248,0.0191428453315143,4.70389612469618,0.0191364127563614,4.7054773074248,0.0191428453315143,4.7054773074248,0.0191428453315143,4.8612426360242,0.0197765305877762,4.86287670971365,0.0197831783341911,4.86287670971365,0.0197831783341911,4.8612426360242,0.0197765305877763,4.86287670971365,0.0197831783341911,4.86287670971365,0.0197831783341911,4.85674784992227,0.0197582448774168,4.85838041271976,0.0197648864772168,4.85838041271976,0.0197648864772168,4.85674784992227,0.0197582448774168,4.85838041271976,0.0197648864772168,4.85838041271976,0.0197648864772168,4.84401209378164,0.0197064332132541,4.84564037554137,0.0197130573969125,4.84564037554137,0.0197130573969125,4.84401209378164,0.0197064332132541,4.84564037554137,0.0197130573969125,4.84564037554137,0.0197130573969125,4.80780728150627,0.0195591446224557,4.80942339326436,0.0195657192960541,4.80942339326436,0.0195657192960541,4.80780728150627,0.0195591446224557,4.80942339326436,0.0195657192960541,4.80942339326436,0.0195657192960541,1
"48",4.56905768563916,0.0179781834456078,4.57059354334242,0.017984226689846,4.57059354334242,0.017984226689846,4.56905768563916,0.0179781834456077,4.57059354334242,0.017984226689846,4.57059354334242,0.017984226689846,4.72189381718494,0.0185795582145627,4.72348104971555,0.0185858036068451,4.72348104971555,0.0185858036068449,4.72189381718494,0.0185795582145627,4.72348104971555,0.018585803606845,4.72348104971555,0.0185858036068449,4.7175278753274,0.0185623792448434,4.71911364027618,0.0185686188625342,4.71911364027618,0.0185686188625342,4.7175278753274,0.0185623792448434,4.71911364027618,0.0185686188625343,4.71911364027618,0.0185686188625343,4.7051571930389,0.0185137034760458,4.70673879966698,0.0185199267317057,4.70673879966698,0.0185199267317057,4.7051571930389,0.0185137034760458,4.70673879966698,0.0185199267317056,4.70673879966698,0.0185199267317057,4.66999020137948,0.0183753295112632,4.67155998686224,0.0183815062534544,4.67155998686224,0.0183815062534544,4.66999020137948,0.0183753295112632,4.67155998686224,0.0183815062534544,4.67155998686224,0.0183815062534544,1
"49",4.85543571175647,0.0164069524787288,4.85706783348786,0.0164124675643511,4.85706783348786,0.0164124675643511,4.85543571175647,0.0164069524787288,4.85706783348786,0.0164124675643511,4.85706783348786,0.0164124675643511,5.01785126047817,0.0169557691756994,5.01953797709294,0.0169614687423262,5.01953797709294,0.0169614687423262,5.01785126047817,0.0169557691756994,5.01953797709294,0.0169614687423262,5.01953797709294,0.0169614687423262,5.01321167142739,0.0169400915884357,5.01489682847575,0.016945785885149,5.01489682847575,0.016945785885149,5.01321167142739,0.0169400915884357,5.01489682847575,0.016945785885149,5.01489682847575,0.016945785885149,5.00006562322784,0.0168956699132442,5.00174636132144,0.0169013492779128,5.00174636132144,0.0169013492779128,5.00006562322784,0.0168956699132442,5.00174636132144,0.0169013492779128,5.00174636132144,0.0169013492779128,4.96269444542129,0.0167693893537353,4.96436262144734,0.0167750262700512,4.96436262144734,0.0167750262700512,4.96269444542129,0.0167693893537353,4.96436262144734,0.0167750262700512,4.96436262144734,0.0167750262700512,1
"52",6.85523806862848,0.093050017074896,6.85754241033735,0.0930812952060432,6.85754241033735,0.0930812952060432,6.85523806862848,0.093050017074896,6.85754241033735,0.0930812952060431,6.85754241033735,0.0930812952060431,7.08454751038213,0.0961625636060309,7.08692893290214,0.0961948879985509,7.08692893290214,0.0961948879985509,7.08454751038213,0.0961625636060309,7.08692893290214,0.0961948879985509,7.08692893290214,0.0961948879985509,7.07799701947432,0.0960736500942428,7.08037624009136,0.0961059445990896,7.08037624009136,0.0961059445990896,7.07799701947432,0.0960736500942428,7.08037624009136,0.0961059445990896,7.08037624009136,0.0961059445990896,7.05943652451153,0.0958217180160403,7.06180950614421,0.0958539278356306,7.06180950614421,0.0958539278356306,7.05943652451153,0.0958217180160403,7.06180950614421,0.0958539278356306,7.06180950614421,0.0958539278356306,7.0066733254956,0.0951055333233703,7.00902857113735,0.0951375024023413,7.00902857113735,0.0951375024023413,7.0066733254956,0.0951055333233703,7.00902857113735,0.0951375024023413,7.00902857113735,0.0951375024023413,0
"54",8.62059089787607,0.029180815655017,8.62348865094641,0.0291906245879725,8.62348865094641,0.0291906245879725,8.62059089787607,0.029180815655017,8.62348865094641,0.0291906245879725,8.62348865094641,0.0291906245879725,8.90895183685278,0.0301569212958101,8.91194652049389,0.0301670583400466,8.91194652049389,0.0301670583400466,8.90895183685278,0.0301569212958101,8.91194652049389,0.0301670583400466,8.91194652049389,0.0301670583400466,8.90071447124547,0.0301290377028965,8.90370638595207,0.0301391653742524,8.90370638595207,0.0301391653742524,8.90071447124547,0.0301290377028965,8.90370638595207,0.0301391653742524,8.90370638595207,0.0301391653742524,8.87737429949149,0.0300500309088867,8.88035836855788,0.0300601320226463,8.88035836855788,0.0300601320226463,8.87737429949149,0.0300500309088868,8.88035836855788,0.0300601320226461,8.88035836855788,0.0300601320226461,8.81102358364093,0.0298254328470191,8.8139853493649,0.029835458463666,8.8139853493649,0.029835458463666,8.81102358364093,0.0298254328470191,8.8139853493649,0.029835458463666,8.8139853493649,0.0298354584636659,0
"57",10.1475909988964,0.0366511407038823,10.1510020426778,0.036663460735856,10.1510020426778,0.0366634607358559,10.1475909988963,0.0366511407038824,10.1510020426778,0.036663460735856,10.1510020426778,0.036663460735856,10.4870304762429,0.0378771306009945,10.4905556202987,0.0378898627411452,10.4905556202987,0.0378898627411452,10.4870304762429,0.0378771306009945,10.4905556202987,0.0378898627411452,10.4905556202987,0.0378898627411452,10.4773339927789,0.037842108773665,10.4808558774276,0.0378548291414661,10.4808558774276,0.0378548291414661,10.4773339927789,0.037842108773665,10.4808558774276,0.0378548291414662,10.4808558774276,0.0378548291414661,10.449859482086,0.0377428761422657,10.4533721313645,0.0377555631536929,10.4533721313645,0.0377555631536929,10.449859482086,0.0377428761422657,10.4533721313645,0.0377555631536929,10.4533721313645,0.0377555631536929,10.3717557958176,0.0374607806976208,10.3752421910726,0.037473372884579,10.3752421910726,0.037473372884579,10.3717557958176,0.0374607806976208,10.3752421910726,0.037473372884579,10.3752421910726,0.037473372884579,0
"58",7.95702651115831,0.0551912503807404,7.95970121156771,0.0552098025446386,7.95970121156771,0.0552098025446385,7.95702651115831,0.0551912503807404,7.95970121156771,0.0552098025446385,7.95970121156771,0.0552098025446385,8.22319105409998,0.057037411620918,8.22595522391236,0.0570565843593768,8.22595522391236,0.0570565843593768,8.22319105409998,0.057037411620918,8.22595522391236,0.0570565843593768,8.22595522391236,0.0570565843593768,8.21558775436148,0.0569846738778671,8.21834936837632,0.0570038288888926,8.21834936837632,0.0570038288888926,8.21558775436148,0.0569846738778671,8.21834936837632,0.0570038288888926,8.21834936837632,0.0570038288888926,8.19404417717269,0.0568352440674911,8.19679854946042,0.0568543488486999,8.19679854946042,0.0568543488486999,8.19404417717269,0.0568352440674911,8.19679854946044,0.0568543488486997,8.19679854946044,0.0568543488486997,8.13280076459089,0.0564104496404226,8.13553455032151,0.0564294116298715,8.13553455032151,0.0564294116298715,8.13280076459089,0.0564104496404226,8.13553455032151,0.0564294116298715,8.13553455032151,0.0564294116298715,0
"59",9.09924425706757,0.0736176709161851,9.102302906213,0.0736424169961756,9.10230290621301,0.0736424169961756,9.09924425706757,0.0736176709161852,9.10230290621301,0.0736424169961756,9.10230290621301,0.0736424169961756,9.40361627158827,0.0760802005689846,9.40677723331891,0.0761057744115891,9.40677723331891,0.0761057744115891,9.40361627158827,0.0760802005689846,9.40677723331891,0.0761057744115891,9.40677723331891,0.0761057744115891,9.39492153098601,0.0760098555453442,9.39807957003838,0.0760354057419478,9.39807957003838,0.0760354057419478,9.39492153098601,0.0760098555453441,9.39807957003838,0.0760354057419478,9.39807957003838,0.0760354057419478,9.37028540959865,0.0758105363683098,9.3734351673863,0.0758360195651265,9.3734351673863,0.0758360195651265,9.37028540959865,0.0758105363683099,9.3734351673863,0.0758360195651265,9.3734351673863,0.0758360195651265,9.3002506083526,0.07524391799813,9.3033768244176,0.0752692107300301,9.3033768244176,0.0752692107300301,9.3002506083526,0.07524391799813,9.3033768244176,0.0752692107300301,9.3033768244176,0.0752692107300301,0
"60",7.5211191467903,0.0758435193175954,7.52364731990022,0.0758690136014056,7.52364731990022,0.0758690136014056,7.5211191467903,0.0758435193175954,7.52364731990022,0.0758690136014056,7.52364731990022,0.0758690136014056,7.77270247849191,0.0783805041606066,7.77531521962978,0.0784068512346392,7.77531521962978,0.0784068512346392,7.77270247849191,0.0783805041606066,7.77531521962977,0.0784068512346392,7.77531521962977,0.0784068512346392,7.76551570801148,0.0783080322378632,7.7681260333654,0.0783343549509488,7.7681260333654,0.0783343549509488,7.76551570801148,0.0783080322378632,7.7681260333654,0.0783343549509488,7.7681260333654,0.0783343549509488,7.74515234606247,0.0781026865964476,7.74775582641045,0.0781289402839927,7.74775582641045,0.0781289402839927,7.74515234606247,0.0781026865964476,7.74775582641046,0.0781289402839927,7.74775582641046,0.0781289402839927,7.68726401273368,0.0775189363803705,7.68984803431172,0.0775449938442448,7.68984803431172,0.0775449938442448,7.68726401273368,0.0775189363803704,7.68984803431172,0.0775449938442448,7.68984803431172,0.0775449938442448,0
"61",8.2932432625078,0.0388505511945391,8.29603097989417,0.0388636105434099,8.29603097989417,0.0388636105434099,8.29324326250779,0.0388505511945392,8.29603097989417,0.0388636105434099,8.29603097989417,0.0388636105434099,8.5706543405498,0.0401501119270853,8.57353530778559,0.0401636081144683,8.57353530778559,0.0401636081144683,8.5706543405498,0.0401501119270853,8.57353530778559,0.0401636081144682,8.57353530778559,0.0401636081144683,8.56272977045558,0.040112988463273,8.5656080739011,0.0401264721718535,8.5656080739011,0.0401264721718535,8.56272977045558,0.040112988463273,8.5656080739011,0.0401264721718535,8.5656080739011,0.0401264721718535,8.54027588945859,0.0400078009478978,8.54314664518442,0.0400212492984116,8.54314664518442,0.0400212492984116,8.54027588945859,0.0400078009478978,8.54314664518442,0.0400212492984116,8.54314664518442,0.0400212492984116,8.47644469346416,0.0397087771439046,8.47929399276703,0.0397221249795986,8.47929399276703,0.0397221249795987,8.47644469346416,0.0397087771439046,8.47929399276703,0.0397221249795987,8.47929399276703,0.0397221249795987,0
"62",9.95676892367351,0.0501802994409587,9.96011582391043,0.0501971672077399,9.96011582391043,0.0501971672077399,9.9567689236735,0.0501802994409589,9.96011582391043,0.0501971672077399,9.96011582391043,0.0501971672077399,10.2898253544933,0.0518588431088296,10.2932842093871,0.0518762751066606,10.2932842093871,0.0518762751066606,10.2898253544933,0.0518588431088296,10.2932842093871,0.0518762751066606,10.2932842093871,0.0518762751066606,10.2803112101773,0.0518108935566831,10.283766866956,0.0518283094366002,10.283766866956,0.0518283094366002,10.2803112101773,0.0518108935566831,10.283766866956,0.0518283094366002,10.283766866956,0.0518283094366002,10.2533533485242,0.0516750308505768,10.2567999436009,0.0516924010611667,10.2567999436009,0.0516924010611667,10.2533533485242,0.0516750308505768,10.2567999436009,0.0516924010611667,10.2567999436009,0.0516924010611667,10.1767183761109,0.0512888045664459,10.1801392108622,0.0513060449496942,10.1801392108622,0.0513060449496942,10.1767183761109,0.0512888045664459,10.1801392108622,0.0513060449496942,10.1801392108622,0.0513060449496942,0
"64",8.41120478259303,0.0348088188763944,8.41403215194306,0.0348205196244017,8.41403215194306,0.0348205196244016,8.41120478259303,0.0348088188763944,8.41403215194306,0.0348205196244016,8.41403215194306,0.0348205196244017,8.69256170322266,0.0359731826438871,8.69548364879024,0.0359852747848666,8.69548364879024,0.0359852747848666,8.69256170322266,0.0359731826438871,8.69548364879024,0.0359852747848667,8.69548364879024,0.0359852747848667,8.68452441554559,0.0359399212386266,8.68744365943344,0.0359520021990109,8.68744365943344,0.0359520021990109,8.68452441554559,0.0359399212386266,8.68744365943344,0.0359520021990109,8.68744365943344,0.0359520021990109,8.66175115480181,0.0358456766768839,8.6646627436128,0.0358577259575978,8.6646627436128,0.0358577259575978,8.66175115480181,0.0358456766768839,8.6646627436128,0.0358577259575977,8.6646627436128,0.0358577259575977,8.59701203597537,0.0355777611618437,8.59990186317145,0.0355897203845761,8.59990186317145,0.0355897203845761,8.59701203597537,0.0355777611618437,8.59990186317145,0.0355897203845761,8.59990186317145,0.0355897203845761,0
"66",5.30003832649678,0.0183366744160498,5.30181989837683,0.0183428381645931,5.30181989837683,0.0183428381645931,5.30003832649678,0.0183366744160498,5.30181989837683,0.0183428381645931,5.30181989837683,0.0183428381645931,5.47732594477562,0.0189500407983507,5.47916711068426,0.0189564107258363,5.47916711068426,0.0189564107258363,5.47732594477562,0.0189500407983507,5.47916711068426,0.0189564107258363,5.47916711068426,0.0189564107258363,5.47226151776066,0.0189325192742487,5.47410098129658,0.0189388833119934,5.47410098129658,0.0189388833119934,5.47226151776066,0.0189325192742487,5.47410098129658,0.0189388833119934,5.47410098129658,0.0189388833119934,5.4579117120097,0.0188828728943967,5.45974635195581,0.0188892202438488,5.45974635195581,0.0188892202438488,5.4579117120097,0.0188828728943967,5.45974635195581,0.0188892202438488,5.45974635195581,0.0188892202438488,5.41711852959737,0.0187417397066331,5.41893945719244,0.0187480396151218,5.41893945719244,0.0187480396151218,5.41711852959737,0.0187417397066331,5.41893945719244,0.0187480396151218,5.41893945719244,0.0187480396151218,1
"68",6.04592939064606,0.0160184632785391,6.04796168874051,0.016023847776156,6.04796168874051,0.016023847776156,6.04592939064606,0.0160184632785392,6.04796168874051,0.016023847776156,6.04796168874051,0.016023847776156,6.24816725307649,0.0165542849138175,6.25026753205463,0.0165598495242363,6.25026753205463,0.0165598495242363,6.2481672530765,0.0165542849138173,6.25026753205463,0.0165598495242363,6.25026753205463,0.0165598495242363,6.24239009331828,0.0165389785456048,6.24448843034361,0.0165445380108904,6.24448843034361,0.0165445380108904,6.24239009331828,0.0165389785456048,6.24448843034361,0.0165445380108904,6.24448843034361,0.0165445380108904,6.22602079426898,0.0164956087014029,6.22811362886535,0.0165011535882129,6.22811362886535,0.0165011535882129,6.22602079426898,0.0164956087014029,6.22811362886535,0.0165011535882129,6.22811362886535,0.0165011535882129,6.17948665898703,0.0163723182543862,6.18156385144999,0.0163778216979495,6.18156385144999,0.0163778216979495,6.17948665898703,0.0163723182543862,6.18156385144999,0.0163778216979495,6.18156385144999,0.0163778216979495,1
"70",4.46783392801955,0.0494819369514566,4.46933576004428,0.0494985699684304,4.46933576004428,0.0494985699684304,4.46783392801955,0.0494819369514566,4.46933576004428,0.0494985699684304,4.46933576004428,0.0494985699684304,4.61728409935213,0.0511371202179803,4.61883616803674,0.0511543096135651,4.61883616803674,0.0511543096135651,4.61728409935213,0.0511371202179802,4.61883616803674,0.0511543096135651,4.61883616803674,0.0511543096135651,4.61301488138624,0.051089837982869,4.6145655150022,0.0511070114848523,4.6145655150022,0.0511070114848523,4.61301488138624,0.051089837982869,4.6145655150022,0.0511070114848523,4.6145655150022,0.0511070114848523,4.60091826150441,0.0509558660868765,4.6024648289238,0.0509729945551164,4.6024648289238,0.0509729945551164,4.60091826150441,0.0509558660868765,4.6024648289238,0.0509729945551164,4.6024648289238,0.0509729945551164,4.56653036594859,0.0505750149390496,4.56806537411049,0.0505920153867633,4.56806537411049,0.0505920153867633,4.56653036594859,0.0505750149390496,4.56806537411049,0.0505920153867633,4.56806537411049,0.0505920153867633,0
"73",7.36889693662013,0.0212179826122373,7.37137394126818,0.021225114892958,7.37137394126818,0.021225114892958,7.36889693662013,0.0212179826122373,7.37137394126818,0.021225114892958,7.37137394126818,0.021225114892958,7.61538839701291,0.0219277294801427,7.61794825809099,0.0219351003374506,7.61794825809099,0.0219351003374506,7.61538839701291,0.0219277294801427,7.61794825809099,0.0219351003374506,7.61794825809099,0.0219351003374506,7.60834708175877,0.0219074547353704,7.61090457594647,0.0219148187774622,7.61090457594647,0.0219148187774622,7.60834708175877,0.0219074547353705,7.61090457594647,0.0219148187774622,7.61090457594647,0.0219148187774622,7.58839586006459,0.021850007239682,7.59094664778466,0.021857351971188,7.59094664778466,0.021857351971188,7.58839586006459,0.021850007239682,7.59094664778468,0.0218573519711878,7.59094664778468,0.0218573519711878,7.53167914626086,0.0216866972819418,7.5342108690429,0.0216939871179145,7.5342108690429,0.0216939871179145,7.53167914626086,0.0216866972819418,7.5342108690429,0.0216939871179145,7.5342108690429,0.0216939871179145,0
"74",6.36896916123382,0.0234144634522849,6.37111004695266,0.0234223340651199,6.37111004695266,0.0234223340651199,6.36896916123382,0.0234144634522849,6.37111004695266,0.0234223340651199,6.37111004695266,0.0234223340651199,6.58201278543592,0.0241976831580708,6.58422528432186,0.0242058170448892,6.58422528432186,0.0242058170448892,6.58201278543592,0.0241976831580708,6.58422528432186,0.0242058170448892,6.58422528432186,0.0242058170448892,6.57592694652477,0.0241753095762327,6.57813739969742,0.024183435942321,6.57813739969742,0.024183435942321,6.57592694652477,0.0241753095762326,6.57813739969742,0.024183435942321,6.57813739969742,0.024183435942321,6.55868302022328,0.0241119151285678,6.56088767696706,0.0241200201850464,6.56088767696706,0.0241200201850464,6.55868302022328,0.0241119151285678,6.56088767696706,0.0241200201850464,6.56088767696706,0.0241200201850464,6.50966252173486,0.0239316993603318,6.51185070057112,0.0239397438385033,6.51185070057112,0.0239397438385033,6.50966252173486,0.0239316993603318,6.51185070057112,0.0239397438385033,6.51185070057112,0.0239397438385033,0
"76",4.71818531965059,0.0171570868572539,4.71977130559502,0.0171628540954518,4.71977130559502,0.0171628540954518,4.71818531965059,0.0171570868572539,4.71977130559502,0.0171628540954518,4.71977130559502,0.0171628540954518,4.8760098081525,0.0177309957383114,4.87764884572654,0.017736955892082,4.87764884572654,0.017736955892082,4.8760098081525,0.0177309957383114,4.87764884572654,0.017736955892082,4.87764884572654,0.017736955892082,4.87150136807668,0.0177146013636246,4.87313889016906,0.0177205560065392,4.87313889016906,0.0177205560065392,4.87150136807668,0.0177146013636246,4.87313889016906,0.0177205560065392,4.87313889016906,0.0177205560065392,4.85872692407019,0.017668148706401,4.86036015212014,0.0176740877345689,4.86036015212014,0.0176740877345688,4.85872692407019,0.017668148706401,4.86036015212014,0.0176740877345689,4.86036015212014,0.017674087734569,4.82241213113044,0.0175360945342015,4.82403315220944,0.0175419891732565,4.82403315220944,0.0175419891732565,4.82241213113044,0.0175360945342015,4.82403315220944,0.0175419891732565,4.82403315220944,0.0175419891732565,1
"77",4.91785048501647,0.0155182563334385,4.91950358704988,0.0155234726898886,4.91950358704988,0.0155234726898887,4.91785048501647,0.0155182563334385,4.91950358704988,0.0155234726898887,4.91950358704988,0.0155234726898886,5.08235382363983,0.0160373459202893,5.08406222235301,0.0160427367651782,5.08406222235301,0.0160427367651782,5.08235382363983,0.0160373459202893,5.08406222235301,0.0160427367651782,5.08406222235301,0.0160427367651782,5.07765459444228,0.0160225175225008,5.07936141354133,0.0160279033829264,5.07936141354133,0.0160279033829264,5.07765459444228,0.0160225175225008,5.07936141354133,0.0160279033829264,5.07936141354133,0.0160279033829264,5.06433955880952,0.0159805019840726,5.06604190214991,0.015985873721259,5.06604190214991,0.015985873721259,5.06433955880952,0.0159805019840726,5.06604190214991,0.015985873721259,5.06604190214991,0.015985873721259,5.02648798877297,0.0158610615154703,5.02817760856533,0.0158663931035533,5.02817760856533,0.0158663931035533,5.02648798877297,0.0158610615154703,5.02817760856533,0.0158663931035533,5.02817760856533,0.0158663931035533,1
"78",5.75907315978234,0.0445083895099809,5.76100903310335,0.0445233507027685,5.76100903310335,0.0445233507027685,5.75907315978234,0.0445083895099809,5.76100903310335,0.0445233507027685,5.76100903310335,0.0445233507027685,5.95171560896752,0.0459972063606453,5.95371623773925,0.0460126680091024,5.95371623773925,0.0460126680091024,5.95171560896754,0.0459972063606452,5.95371623773925,0.0460126680091024,5.95371623773925,0.0460126680091024,5.94621255334886,0.0459546765757003,5.94821133230585,0.0459701239280589,5.94821133230585,0.0459701239280589,5.94621255334886,0.0459546765757003,5.94821133230585,0.0459701239280589,5.94821133230584,0.0459701239280589,5.93061991494562,0.0458341705143452,5.93261345254308,0.0458495773594103,5.93261345254307,0.0458495773594103,5.93061991494562,0.0458341705143452,5.93261345254308,0.0458495773594103,5.93261345254308,0.0458495773594103,5.88629364644333,0.045491599623286,5.88827228406678,0.0455068913154728,5.88827228406678,0.0455068913154728,5.88629364644333,0.045491599623286,5.88827228406678,0.0455068913154728,5.88827228406678,0.0455068913154729,0
"79",5.68984249709695,0.0296711595534025,5.69175509900102,0.0296811333121293,5.69175509900102,0.0296811333121293,5.68984249709695,0.0296711595534024,5.69175509900102,0.0296811333121293,5.69175509900102,0.0296811333121293,5.88016916316071,0.0306636673212233,5.88214574208076,0.0306739747046934,5.88214574208076,0.0306739747046934,5.88016916316071,0.0306636673212233,5.88214574208076,0.0306739747046934,5.88214574208076,0.0306739747046934,5.87473226058036,0.0306353151824744,5.87670701192258,0.0306456130355656,5.87670701192258,0.0306456130355656,5.87473226058036,0.0306353151824744,5.87670701192258,0.0306456130355656,5.87670701192258,0.0306456130355656,5.85932706356918,0.0305549807868012,5.86129663655898,0.0305652516360315,5.86129663655898,0.0305652516360315,5.85932706356918,0.0305549807868012,5.86129663655898,0.0305652516360315,5.86129663655898,0.0305652516360315,5.8155336476384,0.0303266086601336,5.81748849976896,0.0303368027436244,5.81748849976896,0.0303368027436244,5.8155336476384,0.0303266086601336,5.81748849976896,0.0303368027436245,5.81748849976896,0.0303368027436245,0
"80",7.0689307126503,0.0317581971608464,7.07130688568979,0.0317688724630881,7.07130688568979,0.0317688724630881,7.0689307126503,0.0317581971608464,7.07130688568979,0.0317688724630881,7.07130688568979,0.0317688724630881,7.30538822722312,0.0328205168628252,7.30784388384993,0.0328315492566176,7.30784388384993,0.0328315492566176,7.30538822722312,0.0328205168628252,7.30784388384993,0.0328315492566176,7.30784388384993,0.0328315492566176,7.29863354330149,0.0327901704649803,7.30108692938717,0.032801192658037,7.30108692938717,0.032801192658037,7.29863354330149,0.0327901704649803,7.30108692938717,0.032801192658037,7.30108692938717,0.032801192658037,7.2794944774411,0.0327041854338943,7.28194143005976,0.0327151787236673,7.28194143005976,0.0327151787236674,7.2794944774411,0.0327041854338943,7.28194143005976,0.0327151787236673,7.28194143005976,0.0327151787236673,7.22508653503447,0.0324597498562518,7.22751519879295,0.0324706609806651,7.22751519879295,0.0324706609806651,7.22508653503447,0.0324597498562518,7.22751519879295,0.0324706609806651,7.22751519879295,0.0324706609806651,1
"81",5.1916834677546,0.0342098529911239,5.19342861688502,0.0342213524008176,5.19342861688502,0.0342213524008176,5.19168346775459,0.0342098529911239,5.19342861688502,0.0342213524008176,5.19342861688502,0.0342213524008176,5.36534658868993,0.0353541811987419,5.36715011349871,0.0353660652665897,5.36715011349871,0.0353660652665897,5.36534658868993,0.0353541811987419,5.36715011349871,0.0353660652665897,5.36715011349871,0.0353660652665897,5.36038569965712,0.0353214921325516,5.36218755689665,0.0353333652121924,5.36218755689665,0.0353333652121924,5.36038569965712,0.0353214921325516,5.36218755689665,0.0353333652121924,5.36218755689665,0.0353333652121924,5.34632926370455,0.0352288692655172,5.34812639596867,0.0352407112106096,5.34812639596867,0.0352407112106096,5.34632926370455,0.0352288692655172,5.34812639596867,0.0352407112106096,5.34812639596867,0.0352407112106096,5.30637006384962,0.0349655638538589,5.30815376410025,0.0349773172906256,5.30815376410025,0.0349773172906256,5.30637006384962,0.0349655638538589,5.30815376410025,0.0349773172906256,5.30815376410025,0.0349773172906256,1
"82",4.42783471178219,0.0233054230348367,4.42932309834212,0.0233132569944752,4.42932309834212,0.0233132569944752,4.42783471178219,0.0233054230348366,4.42932309834212,0.0233132569944752,4.42932309834212,0.0233132569944752,4.57594689924697,0.0240849953111674,4.57748507271254,0.0240930913187313,4.57748507271254,0.0240930913187313,4.57594689924697,0.0240849953111674,4.57748507271254,0.0240930913187313,4.57748507271254,0.0240930913187313,4.57171590234641,0.024062725922393,4.57325265359107,0.0240708144442537,4.57325265359107,0.0240708144442537,4.57171590234641,0.024062725922393,4.57325265359107,0.0240708144442537,4.57325265359107,0.0240708144442537,4.55972757998015,0.023999626700672,4.56126030143175,0.0240076940121572,4.56126030143175,0.0240076940121572,4.55972757998015,0.023999626700672,4.56126030143175,0.0240076940121572,4.56126030143175,0.0240076940121572,4.52564754924034,0.0238202501915814,4.52716881492113,0.0238282572068712,4.52716881492113,0.0238282572068712,4.52564754924034,0.0238202501915814,4.52716881492113,0.0238282572068712,4.52716881492113,0.0238282572068712,1
"83",4.93202697545281,0.0189040313904647,4.93368484281719,0.0189103858522003,4.93368484281719,0.0189103858522003,4.93202697545281,0.0189040313904647,4.93368484281719,0.0189103858522003,4.93368484281719,0.0189103858522003,5.09700452125548,0.0195363760066021,5.09871784470115,0.0195429430266854,5.09871784470115,0.0195429430266854,5.09700452125548,0.019536376006602,5.09871784470115,0.0195429430266854,5.09871784470115,0.0195429430266854,5.09229174577833,0.0195183123471775,5.09400348505635,0.0195248732952877,5.09400348505635,0.0195248732952877,5.09229174577833,0.0195183123471775,5.09400348505635,0.0195248732952877,5.09400348505635,0.0195248732952877,5.07893832742612,0.0194671298534578,5.08064557804344,0.0194736735969175,5.08064557804344,0.0194736735969175,5.07893832742612,0.0194671298534578,5.08064557804344,0.0194736735969175,5.08064557804344,0.0194736735969175,5.04097764418613,0.019321629848867,5.04267213457772,0.0193281246834873,5.04267213457772,0.0193281246834873,5.04097764418613,0.0193216298488671,5.04267213457772,0.0193281246834873,5.04267213457772,0.0193281246834873,1
"84",4.88882588030131,0.0202408153247793,4.89046922591103,0.0202476191373536,4.89046922591103,0.0202476191373536,4.88882588030131,0.0202408153247793,4.89046922591103,0.0202476191373536,4.89046922591103,0.0202476191373536,5.05235833857923,0.0209178757005523,5.05405665451385,0.0209249071023735,5.05405665451385,0.0209249071023735,5.05235833857923,0.0209178757005523,5.05405665451385,0.0209249071023735,5.05405665451385,0.0209249071023735,5.04768684370795,0.0208985346834462,5.04938358935113,0.0209055595839181,5.04938358935113,0.0209055595839181,5.04768684370795,0.0208985346834462,5.04938358935113,0.0209055595839181,5.04938358935113,0.0209055595839181,5.03445039192949,0.0208437328593351,5.03614268822947,0.0208507393385442,5.03614268822947,0.0208507393385442,5.03445039192949,0.0208437328593351,5.03614268822947,0.0208507393385442,5.03614268822947,0.0208507393385442,4.99682221763496,0.0206879439346423,4.99850186547986,0.0206948980464614,4.99850186547986,0.0206948980464614,4.99682221763496,0.0206879439346424,4.99850186547986,0.0206948980464614,4.99850186547986,0.0206948980464614,1
"85",4.83957348205505,0.0132646279556337,4.84120027180567,0.0132690867702133,4.84120027180567,0.0132690867702133,4.83957348205505,0.0132646279556337,4.84120027180567,0.0132690867702133,4.84120027180567,0.0132690867702133,5.00145843519403,0.0137083331050565,5.0031396414719,0.0137129410681087,5.0031396414719,0.0137129410681087,5.00145843519403,0.0137083331050565,5.0031396414719,0.0137129410681087,5.0031396414719,0.0137129410681087,4.9968340032232,0.0136956581514011,4.99851365502953,0.0137002618538558,4.99851365502953,0.0137002618538558,4.9968340032232,0.0136956581514011,4.99851365502953,0.0137002618538558,4.99851365502953,0.0137002618538558,4.98373090186679,0.0136597442913877,4.98540614915474,0.0136643359216405,4.98540614915474,0.0136643359216405,4.98373090186679,0.0136597442913877,4.98540614915474,0.0136643359216405,4.98540614915474,0.0136643359216405,4.94648181201318,0.0135576494848055,4.94814453827267,0.0135622067965819,4.94814453827267,0.0135622067965819,4.94648181201318,0.0135576494848055,4.94814453827267,0.0135622067965819,4.94814453827267,0.0135622067965819,1
"87",4.78103067858146,0.0180558734379428,4.78263778956637,0.018061942797144,4.78263778956637,0.018061942797144,4.78103067858146,0.0180558734379428,4.78263778956637,0.018061942797144,4.78263778956637,0.018061942797144,4.94095736018426,0.0186598469567286,4.94261822943676,0.0186661193375263,4.94261822943676,0.0186661193375263,4.94095736018426,0.0186598469567286,4.94261822943676,0.0186661193375262,4.94261822943676,0.0186661193375262,4.93638886851751,0.0186425937506978,4.93804820210238,0.0186488603319504,4.93804820210238,0.0186488603319505,4.93638886851751,0.0186425937506978,4.93804820210238,0.0186488603319504,4.93804820210238,0.0186488603319504,4.92344427127108,0.01859370763695,4.92509925361768,0.0185999577854649,4.92509925361768,0.0185999577854649,4.92344427127108,0.01859370763695,4.92509925361768,0.0185999577854649,4.92509925361768,0.0185999577854649,4.88664577198191,0.0184547357100713,4.88828838476303,0.0184609391441158,4.88828838476303,0.0184609391441158,4.88664577198191,0.0184547357100713,4.88828838476303,0.0184609391441158,4.88828838476303,0.0184609391441158,1
"88",4.49031183147776,0.0155682674198896,4.49182121929709,0.0155735005872264,4.49182121929709,0.0155735005872264,4.49031183147776,0.0155682674198896,4.49182121929709,0.0155735005872264,4.49182121929709,0.0155735005872264,4.64051389434827,0.0160890298901906,4.64207377157063,0.0160944381082953,4.64207377157063,0.0160944381082953,4.64051389434827,0.0160890298901907,4.64207377157063,0.0160944381082953,4.64207377157063,0.0160944381082952,4.63622319772606,0.0160741537045405,4.63778163265976,0.0160795569221186,4.63778163265976,0.0160795569221186,4.63622319772606,0.0160741537045405,4.63778163265976,0.0160795569221186,4.63778163265976,0.0160795569221186,4.62406571912427,0.0160320027615488,4.62562006740427,0.0160373918103715,4.62562006740427,0.0160373918103715,4.62406571912427,0.0160320027615488,4.62562006740427,0.0160373918103715,4.62562006740427,0.0160373918103715,4.58950481628822,0.0159121773690555,4.5910475471555,0.0159175261393865,4.5910475471555,0.0159175261393865,4.58950481628822,0.0159121773690555,4.5910475471555,0.0159175261393865,4.5910475471555,0.0159175261393865,1
"89",4.78361429551476,0.018413427230051,4.78522227496495,0.0184196167785307,4.78522227496495,0.0184196167785307,4.78361429551476,0.018413427230051,4.78522227496495,0.0184196167785307,4.78522227496495,0.0184196167785307,4.94362739975538,0.0190293610133298,4.94528916652354,0.0190357576037678,4.94528916652354,0.0190357576037678,4.94362739975538,0.0190293610133298,4.94528916652354,0.0190357576037678,4.94528916652354,0.0190357576037678,4.93905643932546,0.0190117661484334,4.94071666959614,0.0190181568244795,4.94071666959614,0.0190181568244795,4.93905643932546,0.0190117661484334,4.94071666959614,0.0190181568244795,4.94071666959614,0.0190181568244795,4.92610484695959,0.0189619119610327,4.92776072364065,0.0189682858789298,4.92776072364065,0.0189682858789298,4.92610484695959,0.0189619119610327,4.92776072364065,0.0189682858789298,4.92776072364065,0.0189682858789298,4.889286462162,0.01882018802442,4.89092996259316,0.0188265143027777,4.89092996259316,0.0188265143027778,4.889286462162,0.01882018802442,4.89092996259316,0.0188265143027778,4.89092996259316,0.0188265143027777,1
"90",4.56729145517985,0.0143650894092626,4.56882671917676,0.0143699181364846,4.56882671917676,0.0143699181364845,4.56729145517985,0.0143650894092626,4.56882671917676,0.0143699181364845,4.56882671917676,0.0143699181364845,4.72006850587146,0.0148456052717607,4.7216551248361,0.0148505955211258,4.7216551248361,0.0148505955211257,4.72006850587146,0.0148456052717607,4.7216551248361,0.0148505955211258,4.7216551248361,0.0148505955211258,4.71570425172728,0.0148318787772718,4.7172894036773,0.0148368644125718,4.7172894036773,0.0148368644125717,4.71570425172728,0.0148318787772718,4.7172894036773,0.0148368644125717,4.7172894036773,0.0148368644125717,4.70333835149173,0.0147929854278433,4.70491934672859,0.014797957989406,4.70491934672859,0.014797957989406,4.70333835149173,0.0147929854278433,4.7049193467286,0.014797957989406,4.7049193467286,0.014797957989406,4.66818495410407,0.0146824206212247,4.66975413276519,0.0146873560171787,4.66975413276519,0.0146873560171787,4.66818495410407,0.0146824206212247,4.66975413276519,0.0146873560171787,4.66975413276519,0.0146873560171787,1
"93",4.43396104697296,0.0189216123846649,4.43545149285886,0.0189279727561324,4.43545149285886,0.0189279727561324,4.43396104697296,0.0189216123846649,4.43545149285886,0.0189279727561324,4.43545149285886,0.0189279727561324,4.58227816189445,0.0195545450894915,4.58381846357098,0.0195611182169883,4.58381846357098,0.0195611182169883,4.58227816189445,0.0195545450894915,4.58381846357098,0.0195611182169883,4.58381846357098,0.0195611182169883,4.57804131100278,0.0195364646306291,4.57958018849049,0.0195430316805051,4.57958018849049,0.0195430316805051,4.57804131100278,0.019536464630629,4.57958018849049,0.0195430316805051,4.57958018849049,0.0195430316805051,4.5660364016395,0.0194852345365264,4.56757124375861,0.0194917843657523,4.56757124375861,0.0194917843657523,4.5660364016395,0.0194852345365264,4.56757124375862,0.0194917843657523,4.56757124375862,0.0194917843657523,4.53190921789936,0.0193395992150456,4.5334325883975,0.0193461000899477,4.5334325883975,0.0193461000899477,4.53190921789936,0.0193395992150456,4.5334325883975,0.0193461000899477,4.5334325883975,0.0193461000899477,1
"95",5.49451525232125,0.0957124141972114,5.49636219629885,0.0957445872750657,5.49636219629885,0.0957445872750657,5.49451525232125,0.0957124141972114,5.49636219629885,0.0957445872750657,5.49636219629885,0.0957445872750657,5.67830817280092,0.0989140185833373,5.68021689752025,0.098947267858757,5.68021689752025,0.098947267858757,5.67830817280092,0.0989140185833372,5.68021689752025,0.098947267858757,5.68021689752025,0.098947267858757,5.67305791426243,0.0988225610303405,5.67496487414298,0.0988557795629257,5.67496487414298,0.0988557795629257,5.67305791426243,0.0988225610303404,5.67496487414298,0.0988557795629257,5.67496487414298,0.0988557795629257,5.65818156399673,0.0985634205360504,5.66008352329323,0.0985965519603181,5.66008352329323,0.0985965519603181,5.65818156399673,0.0985634205360504,5.66008352329323,0.0985965519603181,5.66008352329323,0.0985965519603181,5.61589153718045,0.0978267439818552,5.61777928097169,0.0978596277773039,5.61777928097169,0.0978596277773039,5.61589153718045,0.0978267439818552,5.61777928097169,0.0978596277773039,5.61777928097169,0.0978596277773039,0
"96",6.20223920293305,0.0630431145422339,6.20432404350906,0.0630643060569332,6.20432404350906,0.063064306056933,6.20223920293305,0.0630431145422339,6.20432404350906,0.063064306056933,6.20432404350906,0.0630643060569331,6.40970566799368,0.0651519226182432,6.41186024701258,0.0651738229944518,6.41186024701258,0.0651738229944518,6.40970566799368,0.0651519226182432,6.41186024701258,0.0651738229944518,6.41186024701258,0.0651738229944518,6.4037791471201,0.0650916820628498,6.40593173397934,0.0651135621896037,6.40593173397934,0.0651135621896037,6.4037791471201,0.0650916820628497,6.40593173397934,0.0651135621896037,6.40593173397933,0.0651135621896037,6.38698664067007,0.0649209934013929,6.38913358284227,0.0649428161523143,6.38913358284227,0.0649428161523143,6.38698664067007,0.0649209934013929,6.38913358284227,0.0649428161523143,6.38913358284227,0.0649428161523143,6.33924942452489,0.0644357649722887,6.34138032015614,0.0644574246169701,6.34138032015614,0.0644574246169701,6.33924942452489,0.0644357649722887,6.34138032015614,0.0644574246169701,6.34138032015614,0.0644574246169701,0
"98",5.25064534046367,0.0455440196121044,5.25241030922704,0.045559328924914,5.25241030922704,0.045559328924914,5.25064534046367,0.0455440196121044,5.25241030922704,0.045559328924914,5.25241030922704,0.045559328924914,5.42628075090669,0.0470674785507895,5.42810475832017,0.0470832999639733,5.42810475832017,0.0470832999639733,5.4262807509067,0.0470674785507895,5.42810475832017,0.0470832999639733,5.42810475832017,0.0470832999639733,5.4212635211302,0.0470239591743086,5.42308584203588,0.0470397659587511,5.42308584203588,0.0470397659587511,5.4212635211302,0.0470239591743086,5.42308584203588,0.0470397659587511,5.42308584203588,0.0470397659587511,5.40704744644139,0.0469006491538352,5.40886498871024,0.0469164144884499,5.40886498871024,0.0469164144884499,5.40704744644139,0.0469006491538352,5.40886498871024,0.0469164144884499,5.40886498871024,0.0469164144884499,5.36663443054208,0.0465501072548198,5.36843838825017,0.0465657547571565,5.36843838825017,0.0465657547571565,5.36663443054208,0.0465501072548198,5.36843838825017,0.0465657547571565,5.36843838825017,0.0465657547571565,0
"99",5.17010649728304,0.0347775473275111,5.17184439346136,0.0347892375637998,5.17184439346136,0.0347892375637998,5.17010649728304,0.0347775473275111,5.17184439346136,0.0347892375637998,5.17184439346136,0.0347892375637998,5.34304786311601,0.0359408650538098,5.34484389235969,0.03595294633145,5.34484389235969,0.03595294633145,5.34304786311602,0.0359408650538098,5.34484389235969,0.03595294633145,5.34484389235969,0.03595294633145,5.33810759185721,0.0359076335299317,5.33990196046212,0.0359197036370223,5.33990196046212,0.0359197036370223,5.33810759185721,0.0359076335299317,5.33990196046212,0.0359197036370223,5.33990196046212,0.0359197036370223,5.32410957535664,0.0358134736356252,5.32589923862351,0.0358255120915054,5.32589923862351,0.0358255120915054,5.32410957535664,0.0358134736356252,5.32589923862351,0.0358255120915054,5.32589923862351,0.0358255120915054,5.28431644850692,0.0355457988105416,5.28609273558456,0.0355577472893473,5.28609273558456,0.0355577472893473,5.28431644850692,0.0355457988105416,5.28609273558456,0.0355577472893473,5.28609273558456,0.0355577472893473,0
"100",5.05973509453648,0.0276004895595244,5.06143589011756,0.0276097672765982,5.06143589011756,0.0276097672765982,5.05973509453648,0.0276004895595244,5.06143589011756,0.0276097672765982,5.06143589011756,0.0276097672765982,5.22898450912054,0.0285237328939877,5.23074219674259,0.028533320953037,5.23074219674259,0.028533320953037,5.22898450912054,0.0285237328939877,5.23074219674259,0.028533320953037,5.23074219674259,0.028533320953037,5.22414970274316,0.0284973593743368,5.22590576517774,0.0285069385681093,5.22590576517774,0.0285069385681093,5.22414970274316,0.0284973593743368,5.22590576517774,0.0285069385681093,5.22590576517774,0.0285069385681093,5.21045051581558,0.0284226312989133,5.21220197336166,0.0284321853733485,5.21220197336166,0.0284321853733485,5.21045051581558,0.0284226312989133,5.21220197336166,0.0284321853733485,5.21220197336166,0.0284321853733485,5.17150689240112,0.0282101966454434,5.17324525931277,0.0282196793114124,5.17324525931277,0.0282196793114124,5.17150689240112,0.0282101966454434,5.17324525931277,0.0282196793114124,5.17324525931277,0.0282196793114124,0
"102",5.14620569031571,0.0306931738624697,5.14793555240014,0.0307034911643638,5.14793555240014,0.0307034911643638,5.14620569031571,0.0306931738624697,5.14793555240014,0.0307034911643638,5.14793555240014,0.0307034911643638,5.31834756812975,0.0317198682666009,5.32013529453704,0.0317305306848445,5.32013529453704,0.0317305306848445,5.31834756812975,0.0317198682666009,5.32013529453704,0.0317305306848445,5.32013529453704,0.0317305306848445,5.31343013517604,0.0316905395468241,5.31521620862151,0.0317011921064197,5.31521620862151,0.0317011921064197,5.31343013517604,0.0316905395468241,5.31521620862151,0.0317011921064197,5.31521620862151,0.0317011921064197,5.29949682989381,0.0316074380566699,5.30127821975349,0.0316180626822621,5.30127821975349,0.0316180626822621,5.29949682989381,0.0316074380566699,5.30127821975349,0.0316180626822621,5.30127821975349,0.0316180626822621,5.25988766208711,0.0313711997196898,5.26165573759411,0.0313817449353697,5.26165573759411,0.0313817449353697,5.25988766208711,0.0313711997196898,5.26165573759411,0.0313817449353697,5.26165573759411,0.0313817449353697,0
"104",4.74640153510534,0.0436483612468507,4.74799700573888,0.0436630333469787,4.74799700573888,0.0436630333469787,4.74640153510534,0.0436483612468507,4.74799700573888,0.0436630333469787,4.74799700573888,0.0436630333469787,4.90516986312805,0.0451084099352808,4.90681870265653,0.0451235728208572,4.90681870265653,0.0451235728208572,4.90516986312805,0.0451084099352808,4.90681870265653,0.0451235728208572,4.90681870265653,0.0451235728208572,4.90063446117858,0.0450667019463488,4.90228177616244,0.0450818508120694,4.90228177616244,0.0450818508120694,4.90063446117858,0.0450667019463488,4.90228177616244,0.0450818508120693,4.90228177616244,0.0450818508120694,4.88778362202436,0.0449485244037251,4.88942661728604,0.0449636335448658,4.88942661728604,0.0449636335448658,4.88778362202436,0.0449485244037251,4.88942661728604,0.0449636335448658,4.88942661728604,0.0449636335448658,4.85125165532982,0.0446125729534427,4.85288237061903,0.0446275691667856,4.85288237061903,0.0446275691667856,4.85125165532982,0.0446125729534427,4.85288237061903,0.0446275691667856,4.85288237061903,0.0446275691667856,0
"105",5.10415670063013,0.0200676259086547,5.10587242823235,0.0200743715047833,5.10587242823235,0.0200743715047833,5.10415670063013,0.0200676259086548,5.10587242823235,0.0200743715047834,5.10587242823235,0.0200743715047833,5.27489202913769,0.0207388930547939,5.27666514826076,0.0207458642928141,5.27666514826076,0.0207458642928141,5.27489202913769,0.0207388930547939,5.27666514826076,0.0207458642928141,5.27666514826076,0.0207458642928141,5.27001477590086,0.0207197175280299,5.27178625556821,0.0207266823203296,5.27178625556821,0.0207266823203296,5.27001477590086,0.0207197175280299,5.27178625556821,0.0207266823203296,5.27178625556821,0.0207266823203296,5.25619531787724,0.0206653846126937,5.25796215222778,0.0206723311413511,5.25796215222778,0.0206723311413511,5.25619531787724,0.0206653846126937,5.25796215222778,0.0206723311413511,5.25796215222778,0.0206723311413511,5.2169097915238,0.0205109286873136,5.21866342031161,0.0205178232966594,5.21866342031161,0.0205178232966594,5.2169097915238,0.0205109286873136,5.21866342031161,0.0205178232966594,5.21866342031161,0.0205178232966594,1
"106",5.27837644478489,0.0206855410539128,5.28015073517056,0.0206924943580206,5.28015073517056,0.0206924943580206,5.27837644478489,0.0206855410539128,5.28015073517056,0.0206924943580206,5.28015073517056,0.0206924943580206,5.45493946765905,0.0213774776174513,5.45677310850549,0.0213846635113347,5.45677310850549,0.0213846635113347,5.45493946765905,0.0213774776174513,5.45677310850549,0.0213846635113347,5.45677310850549,0.0213846635113347,5.44989573955459,0.0213577116447395,5.45172768498597,0.0213648908944264,5.45172768498597,0.0213648908944264,5.44989573955459,0.0213577116447395,5.45172768498597,0.0213648908944264,5.45172768498597,0.0213648908944264,5.43560458315209,0.0213017057297457,5.43743172470835,0.0213088661534246,5.43743172470835,0.0213088661534246,5.43560458315209,0.0213017057297457,5.43743172470835,0.0213088661534246,5.43743172470835,0.0213088661534246,5.39497812728733,0.021142493852864,5.39679161253655,0.0211496007585507,5.39679161253655,0.0211496007585507,5.39497812728733,0.021142493852864,5.39679161253655,0.0211496007585507,5.39679161253655,0.0211496007585507,1
"107",6.63616862828174,0.0480660297886866,6.6383993312864,0.0480821868580849,6.6383993312864,0.0480821868580849,6.63616862828174,0.0480660297886866,6.6383993312864,0.0480821868580849,6.6383993312864,0.0480821868580849,6.85815014202348,0.0496738506036334,6.86045546260607,0.0496905481310773,6.86045546260607,0.0496905481310773,6.85815014202349,0.0496738506036334,6.86045546260607,0.0496905481310773,6.86045546260607,0.0496905481310773,6.85180898190227,0.0496279213320383,6.85411217094709,0.0496446034206688,6.85411217094709,0.0496446034206688,6.85180898190227,0.0496279213320383,6.85411217094709,0.0496446034206688,6.85411217094709,0.0496446034206688,6.83384161546454,0.0494977829918599,6.83613876490099,0.0495144213353728,6.83613876490099,0.0495144213353728,6.83384161546454,0.0494977829918599,6.83613876490099,0.0495144213353728,6.83613876490099,0.0495144213353728,6.78276454381032,0.0491278297575223,6.78504452403621,0.0491443437437673,6.78504452403621,0.0491443437437673,6.78276454381032,0.0491278297575223,6.78504452403621,0.0491443437437673,6.78504452403621,0.0491443437437673,0
"109",7.69277296390595,0.0823927120001841,7.69535883728049,0.0824204077506265,7.69535883728049,0.0824204077506265,7.69277296390595,0.0823927120001841,7.69535883728049,0.0824204077506265,7.69535883728049,0.0824204077506265,7.95009815906782,0.0851487689896265,7.95277053055868,0.0851773911699035,7.95277053055868,0.0851773911699035,7.95009815906782,0.0851487689896265,7.95277053055868,0.0851773911699035,7.95277053055868,0.0851773911699035,7.94274736557945,0.0850700390162214,7.94541726615113,0.085098634731952,7.94541726615113,0.085098634731952,7.94274736557945,0.0850700390162214,7.94541726615113,0.085098634731952,7.94541726615113,0.085098634731952,7.92191925247576,0.0848469614949536,7.92458215181853,0.084875482224692,7.92458215181853,0.084875482224692,7.92191925247576,0.0848469614949536,7.92458215181853,0.084875482224692,7.92458215181853,0.084875482224692,7.86270973898901,0.0842128036411777,7.86535273545611,0.0842411112030604,7.86535273545611,0.0842411112030604,7.86270973898901,0.0842128036411776,7.86535273545611,0.0842411112030604,7.86535273545611,0.0842411112030604,0
"110",4.34295974205936,0.14238179877697,4.34441959847477,0.142429659451424,4.34441959847477,0.142429659451424,4.34295974205936,0.14238179877697,4.34441959847477,0.142429659451424,4.34441959847477,0.142429659451424,4.48823284038802,0.147144505843679,4.48974152936858,0.14719396746976,4.48974152936858,0.14719396746976,4.48823284038802,0.147144505843679,4.48974152936858,0.14719396746976,4.48974152936858,0.14719396746976,4.48408294537072,0.147008453576932,4.48559023939228,0.147057869469967,4.48559023939228,0.147057869469967,4.48408294537072,0.147008453576932,4.48559023939228,0.147057869469967,4.48559023939227,0.147057869469967,4.47232442121604,0.146622956146714,4.47382776268956,0.146672242457407,4.47382776268956,0.146672242457407,4.47232442121604,0.146622956146714,4.47382776268956,0.146672242457407,4.47382776268956,0.146672242457407,4.43889765369981,0.145527076016817,4.4403897589925,0.145575993954849,4.4403897589925,0.145575993954849,4.43889765369981,0.145527076016817,4.4403897589925,0.145575993954849,4.4403897589925,0.145575993954849,0
"114",5.50400900706263,0.0275956662941927,5.5058591423014,0.0276049423899593,5.5058591423014,0.0276049423899593,5.50400900706263,0.0275956662941927,5.5058591423014,0.0276049423899593,5.5058591423014,0.0276049423899593,5.68811949603195,0.0285187482892157,5.69003151876096,0.028528334672724,5.69003151876096,0.028528334672724,5.68811949603196,0.0285187482892156,5.69003151876096,0.028528334672724,5.69003151876096,0.028528334672724,5.68286016578024,0.0284923793784134,5.68477042062101,0.0285019568981928,5.684770420621,0.0285019568981928,5.68286016578024,0.0284923793784134,5.68477042062101,0.0285019568981928,5.68477042062101,0.0285019568981927,5.66795811125961,0.0284176643619365,5.66986335687602,0.0284272167667703,5.66986335687602,0.0284272167667703,5.66795811125961,0.0284176643619365,5.66986335687602,0.0284272167667703,5.66986335687602,0.0284272167667703,5.62559501318511,0.0282052668320364,5.62748601873388,0.0282147478408829,5.62748601873388,0.0282147478408829,5.62559501318511,0.0282052668320364,5.62748601873388,0.0282147478408829,5.62748601873388,0.0282147478408829,0
"117",8.36657624865225,0.0752834707518241,8.36938861642377,0.0753087767791133,8.36938861642377,0.0753087767791133,8.36657624865224,0.0752834707518243,8.36938861642377,0.0753087767791133,8.36938861642377,0.0753087767791133,8.64644033356971,0.0778017218291097,8.64934677575222,0.0778278743493927,8.64934677575222,0.0778278743493926,8.64644033356971,0.0778017218291098,8.64934677575222,0.0778278743493926,8.64934677575222,0.0778278743493926,8.63844569048102,0.0777297850581724,8.64134944531862,0.0777559133973973,8.64134944531862,0.0777559133973974,8.63844569048102,0.0777297850581724,8.64134944531862,0.0777559133973973,8.64134944531862,0.0777559133973973,8.61579326108846,0.0775259557431754,8.61868940146577,0.0775520155665611,8.61868940146577,0.0775520155665611,8.61579326108846,0.0775259557431754,8.61868940146577,0.0775520155665611,8.61868940146577,0.0775520155665611,8.55139763787738,0.0769465160927759,8.55427213210339,0.0769723811414594,8.55427213210339,0.0769723811414595,8.55139763787738,0.0769465160927761,8.55427213210339,0.0769723811414595,8.55427213210339,0.0769723811414595,0
"118",6.62119507990247,0.059174823398309,6.62342074965053,0.0591947146132174,6.62342074965053,0.0591947146132174,6.62119507990247,0.059174823398309,6.62342074965053,0.0591947146132174,6.62342074965053,0.0591947146132174,6.84267572467581,0.0611542361602718,6.84497584363808,0.0611747927413344,6.84497584363808,0.0611747927413344,6.84267572467581,0.0611542361602718,6.84497584363808,0.0611747927413344,6.84497584363808,0.0611747927413344,6.83634887245919,0.0610976919325205,6.83864686469318,0.0611182295066235,6.83864686469318,0.0611182295066235,6.83634887245919,0.0610976919325205,6.83864686469318,0.0611182295066235,6.83864686469318,0.0611182295066235,6.81842204676801,0.0609374766342893,6.82071401302121,0.0609579603531095,6.82071401302121,0.0609579603531095,6.81842204676801,0.0609374766342893,6.82071401302121,0.0609579603531095,6.82071401302121,0.0609579603531095,6.76746022308998,0.0604820215571004,6.76973505887235,0.0605023521777899,6.76973505887235,0.0605023521777899,6.76746022308998,0.0604820215571004,6.76973505887235,0.0605023521777899,6.76973505887235,0.0605023521777899,0
"119",5.3836117294278,0.0686745551544289,5.38542139393955,0.0686976396396355,5.38542139393955,0.0686976396396356,5.3836117294278,0.0686745551544289,5.38542139393955,0.0686976396396356,5.38542139393955,0.0686976396396356,5.56369489910544,0.0709717363387281,5.56556509735139,0.0709955930057846,5.5655650973514,0.0709955930057845,5.56369489910545,0.0709717363387279,5.5655650973514,0.0709955930057845,5.5655650973514,0.0709955930057845,5.55855061391333,0.0709061146864038,5.56041908294273,0.0709299492951881,5.56041908294273,0.0709299492951881,5.55855061391333,0.0709061146864038,5.56041908294273,0.0709299492951881,5.56041908294273,0.0709299492951881,5.54397453393109,0.0707201789505107,5.54583810331023,0.0707439510582599,5.54583810331023,0.0707439510582599,5.54397453393109,0.0707201789505107,5.54583810331023,0.0707439510582599,5.54583810331023,0.0707439510582599,5.50253810615709,0.070191606611422,5.50438774696251,0.0702152010431702,5.50438774696251,0.0702152010431702,5.50253810615709,0.070191606611422,5.50438774696251,0.0702152010431702,5.50438774696251,0.0702152010431702,0
"120",5.97733761725524,0.0449683850979933,5.97934685869096,0.0449835009151723,5.97934685869096,0.0449835009151723,5.97733761725524,0.0449683850979933,5.97934685869096,0.0449835009151723,5.97934685869096,0.0449835009151723,6.17728106757222,0.0464725889170515,6.17935751864057,0.0464882103621262,6.17935751864057,0.0464882103621262,6.17728106757223,0.0464725889170514,6.17935751864057,0.0464882103621262,6.17935751864058,0.0464882103621262,6.17156945036465,0.046429619585458,6.17364398151164,0.0464452265866838,6.17364398151164,0.0464452265866838,6.17156945036465,0.046429619585458,6.17364398151164,0.0464452265866838,6.17364398151164,0.0464452265866838,6.15538586292025,0.0463078680902158,6.15745495406429,0.0463234341655033,6.15745495406429,0.0463234341655033,6.15538586292025,0.0463078680902158,6.15745495406429,0.0463234341655033,6.15745495406429,0.0463234341655033,6.10937966282512,0.0459617567183578,6.11143328929754,0.0459772064506584,6.11143328929754,0.0459772064506584,6.10937966282512,0.0459617567183578,6.11143328929754,0.0459772064506584,6.11143328929754,0.0459772064506584,0
"122",6.54617033348659,0.0426215280691279,6.54837078417579,0.0426358550062582,6.54837078417579,0.0426358550062582,6.54617033348659,0.0426215280691279,6.54837078417579,0.0426358550062582,6.54837078417579,0.0426358550062582,6.76514138157681,0.0440472289288756,6.76741543789637,0.0440620351056654,6.76741543789637,0.0440620351056654,6.76514138157682,0.0440472289288756,6.76741543789637,0.0440620351056654,6.76741543789637,0.0440620351056654,6.75888621890837,0.0440065021256199,6.7611581725976,0.0440212946123705,6.7611581725976,0.0440212946123705,6.75888621890837,0.0440065021256199,6.7611581725976,0.0440212946123704,6.7611581725976,0.0440212946123704,6.74116252203837,0.04389110472452,6.74342851802707,0.0439058584212206,6.74342851802707,0.0439058584212206,6.74116252203837,0.04389110472452,6.74342851802707,0.0439058584212206,6.74342851802707,0.0439058584212206,6.69077814666861,0.0435630565742806,6.69302720629197,0.0435776999998222,6.69302720629197,0.0435776999998222,6.69077814666861,0.0435630565742806,6.69302720629197,0.0435776999998222,6.69302720629197,0.0435776999998222,0
